_candidate_id,_candidate_name,*race,#R1,#R2,#R3,#R4,#R5,#R6,#R7,#R8,#R9,#R10,#R11,#R12,#R13,#R14,#R15,#R16,#R17,#R18,#R19,#R20,#R21,#R22,#R23,#R24,#R25,#R26,#R27,#R28,#R29,#R30,#R31,#R32,#R33,#R34,#R35,#R36,#R37,#R38,#R39,#R40,#R41,#R42,#R43,#R44,#R45,#R46,#R47,#R48,#R49,#R50,#R51,#R52,#R53,#R54,#R55,#R56,#R57,#R58,#R59,#R60,#R61,#R62,#R63,#R64,#R65,#R66,#R67,#R68,#R69,#R70,#R71,#R72,#R73,#R74,#R75,#R76,#R77,#R78,#R79,#R80,#R81,#R82,#R83,#R84,#R85,#R86,#R87,#R88,#R89,#R90,#R91,#R92,#R93,#R94,#R95,#R96,#R97,#R98,#R99,#R100,#R101,#R102,#R103,#R104,#R105,#R106,#R107,#R108,#R109,#R110,#R111,#R112,#R113,#R114,#R115,#R116,#R117,#R118,#R119,#R120,#R121,#R122,#R123,#R124,#R125,#R126,#R127,#R128,#R129,#R130,#R131,#R132,#R133,#R134,#R135,#R136,#R137,#R138,#R139,#R140,#R141,#R142,#R143,#R144,#R145,#R146,#R147,#R148,#R149,#R150,#R151,#R152,#R153,#R154,#R155,#R156,#R157,#R158,#R159,#R160,#R161,#R162,#R163,#R164,#R165,#R166,#R167,#R168,#R169,#R170,#R171,#R172,#R173,#R174,#R175,#R176,#R177,#R178,#R179,#R180,#R181,#R182,#R183,#R184,#R185,#R186,#R187,#R188,#R189,#R190,#R191,#R192,#R193,#R194,#R195,#R196,#R197,#R198,#R199,#R200,#R201,#R202,#R203,#R204,#R205,#R206,#R207,#R208,#R209,#R210,#R211,#R212,#R213,#R214,#R215,#R216,#R217,#R218,#R219,#R220,#R221,#R222,#R223,#R224,#R225,#R226,#R227,#R228,#R229,#R230,#R231,#R232,#R233,#R234,#R235,#R236,#R237,#R238,#R239,#R240,#R241,#R242,#R243,#R244,#R245,#R246,#R247,#R248,#R249,#R250,#R251,#R252,#R253,#R254,#R255,#R256,#R257,#R258,#R259,#R260,#R261,#R262,#R263,#R264,#R265,#R266,#R267,#R268,#R269,#R270,#R271,#R272,#R273,#R274,#R275,#R276,#R277,#R278,#R279,#R280,#R281,#R282,#R283,#R284,#R285,#R286,#R287,#R288,#R289,#R290,#R291,#R292,#R293,#R294,#R295,#R296,#R297,#R298,#R299,#R300,#R301,#R302,#R303,#R304,#R305,#R306,#R307,#R308,#R309,#R310,#R311,#R312,#R313,#R314,#R315,#R316,#R317,#R318,#R319,#R320,#R321,#R322,#R323,#R324,#R325,#R326,#R327,#R328,#R329,#R330,#R331,#R332,#R333,#R334,#R335,#R336,#R337,#R338,#R339,#R340,#R341,#R342,#R343,#R344,#R345,#R346,#R347,#R348,#R349,#R350,#R351,#R352,#R353,#R354,#R355,#R356,#R357,#R358,#R359,#R360,#R361,#R362,#R363,#R364,#R365,#R366,#R367,#R368,#R369,#R370,#R371,#R372,#R373,#R374,#R375,#R376,#R377,#R378,#R379,#R380,#R381,#R382,#R383,#R384,#R385,#R386,#R387,#R388,#R389,#R390,#R391,#R392,#R393,#R394,#R395,#R396,#R397,#R398,#R399,#R400,#R401,#R402,#R403,#R404,#R405,#R406,#R407,#R408,#R409,#R410,#R411,#R412,#R413,#R414,#R415,#R416,#R417,#R418,#R419,#R420,#R421,#R422,#R423,#R424,#R425,#R426,#R427,#R428,#R429,#R430,#R431,#R432,#R433,#R434,#R435,#R436,#R437,#R438,#R439,#R440,#R441,#R442,#R443,#R444,#R445,#R446,#R447,#R448,#R449,#R450,#R451,#R452,#R453,#R454,#R455,#R456,#R457,#R458,#R459,#R460,#R461,#R462,#R463,#R464,#R465,#R466,#R467,#R468,#R469,#R470,#R471,#R472,#R473,#R474,#R475,#R476,#R477,#R478,#R479,#R480,#R481,#R482,#R483,#R484,#R485,#R486,#R487,#R488,#R489,#R490,#R491,#R492,#R493,#R494,#R495,#R496,#R497,#R498,#R499,#R500,#R501,#R502,#R503,#R504,#R505,#R506,#R507,#R508,#R509,#R510,#R511,#R512,#R513,#R514,#R515,#R516,#R517,#R518,#R519,#R520,#R521,#R522,#R523,#R524,#R525,#R526,#R527,#R528,#R529,#R530,#R531,#R532,#R533,#R534,#R535,#R536,#R537,#R538,#R539,#R540,#R541,#R542,#R543,#R544,#R545,#R546,#R547,#R548,#R549,#R550,#R551,#R552,#R553,#R554,#R555,#R556,#R557,#R558,#R559,#R560,#R561,#R562,#R563,#R564,#R565,#R566,#R567,#R568,#R569,#R570,#R571,#R572,#R573,#R574,#R575,#R576,#R577,#R578,#R579,#R580,#R581,#R582,#R583,#R584,#R585,#R586,#R587,#R588,#R589,#R590,#R591,#R592,#R593,#R594,#R595,#R596,#R597,#R598,#R599,#R600,#R601,#R602,#R603,#R604,#R605,#R606,#R607,#R608,#R609,#R610,#R611,#R612,#R613,#R614,#R615,#R616,#R617,#R618,#R619,#R620,#R621,#R622,#R623,#R624,#R625,#R626,#R627,#R628,#R629,#R630,#R631,#R632,#R633,#R634,#R635,#R636,#R637,#R638,#R639,#R640,#R641,#R642,#R643,#R644,#R645,#R646,#R647,#R648,#R649,#R650,#R651,#R652,#R653,#R654,#R655,#R656,#R657,#R658,#R659,#R660,#R661,#R662,#R663,#R664,#R665,#R666,#R667,#R668,#R669,#R670,#R671,#R672,#R673,#R674,#R675,#R676,#R677,#R678,#R679,#R680,#R681,#R682,#R683,#R684,#R685,#R686,#R687,#R688,#R689,#R690,#R691,#R692,#R693,#R694,#R695,#R696,#R697,#R698,#R699,#R700,#R701,#R702,#R703,#R704,#R705,#R706,#R707,#R708,#R709,#R710,#R711,#R712,#R713,#R714,#R715,#R716,#R717,#R718,#R719,#R720,#R721,#R722,#R723,#R724,#R725,#R726,#R727,#R728,#R729,#R730,#R731,#R732,#R733,#R734,#R735,#R736,#R737,#R738,#R739,#R740,#R741,#R742,#R743,#R744,#R745,#R746,#R747,#R748,#R749,#R750,#R751,#R752,#R753,#R754,#R755,#R756,#R757,#R758,#R759,#R760,#R761,#R762,#R763,#R764,#R765,#R766,#R767,#R768,#R769,#R770,#R771,#R772,#R773,#R774,#R775,#R776,#R777,#R778,#R779,#R780,#R781,#R782,#R783,#R784,#R785,#R786,#R787,#R788,#R789,#R790,#R791,#R792,#R793,#R794,#R795,#R796,#R797,#R798,#R799,#R800,#R801,#R802,#R803,#R804,#R805,#R806,#R807,#R808,#R809,#R810,#R811,#R812,#R813,#R814,#R815,#R816,#R817,#R818,#R819,#R820,#R821,#R822,#R823,#R824,#R825,#R826,#R827,#R828,#R829,#R830,#R831,#R832,#R833,#R834,#R835,#R836,#R837,#R838,#R839,#R840,#R841,#R842,#R843,#R844,#R845,#R846,#R847,#R848,#R849,#R850,#R851,#R852,#R853,#R854,#R855,#R856,#R857,#R858,#R859,#R860,#R861,#R862,#R863,#R864,#R865,#R866,#R867,#R868,#R869,#R870,#R871,#R872,#R873,#R874,#R875,#R876,#R877,#R878,#R879,#R880,#R881,#R882,#R883,#R884,#R885,#R886,#R887,#R888,#R889,#R890,#R891,#R892,#R893,#R894,#R895,#R896,#R897,#R898,#R899,#R900,#R901,#R902,#R903,#R904,#R905,#R906,#R907,#R908,#R909,#R910,#R911,#R912,#R913,#R914,#R915,#R916,#R917,#R918,#R919,#R920,#R921,#R922,#R923,#R924,#R925,#R926,#R927,#R928,#R929,#R930,#R931,#R932,#R933,#R934,#R935,#R936,#R937,#R938,#R939,#R940,#R941,#R942,#R943,#R944,#R945,#R946,#R947,#R948,#R949,#R950,#R951,#R952,#R953,#R954,#R955,#R956,#R957,#R958,#R959,#R960,#R961,#R962,#R963,#R964,#R965,#R966,#R967,#R968,#R969,#R970,#R971,#R972,#R973,#R974,#R975,#R976,#R977,#R978,#R979,#R980,#R981,#R982,#R983,#R984,#R985,#R986,#R987,#R988,#R989,#R990,#R991,#R992,#R993,#R994,#R995,#R996,#R997,#R998,#R999,#R1000
0,Quantum Nexus,White,16,16,0,40,16,6,6,21,16,12,44,47,24,16,21,22,0,6,22,43,21,47,47,28,28,12,16,24,6,21,6,16,21,23,31,12,6,6,22,23,15,23,24,15,43,31,5,21,44,12,0,6,8,5,0,12,23,40,12,12,8,31,22,23,16,23,46,16,0,16,31,47,21,5,28,22,6,16,10,24,6,5,40,31,36,24,46,6,31,21,12,47,12,24,10,40,10,23,21,43,28,22,6,24,31,43,21,31,31,10,5,47,16,21,43,6,31,36,40,10,21,23,6,28,46,6,46,31,21,24,23,46,22,5,23,28,15,22,40,21,31,21,24,12,31,6,12,31,28,21,40,44,23,46,31,12,46,28,6,5,22,6,46,28,47,16,12,8,43,15,22,23,31,10,46,21,21,31,31,28,22,21,24,24,6,10,43,15,10,6,28,24,44,21,10,5,23,47,16,47,21,21,23,22,5,31,31,23,0,8,21,23,8,23,21,24,31,46,15,22,24,5,40,44,31,23,16,16,5,22,22,0,21,10,6,12,40,44,23,0,16,43,44,23,12,28,10,21,5,40,0,6,0,44,22,24,31,12,5,6,23,10,16,28,6,8,31,0,23,6,40,40,21,31,12,21,21,6,21,22,6,46,12,47,5,46,24,12,6,16,5,21,22,44,46,21,36,16,46,22,47,12,21,43,6,31,47,21,24,21,22,21,16,22,21,22,23,16,44,10,21,23,24,28,28,24,10,22,23,21,12,10,23,23,8,6,31,12,24,36,31,12,22,43,28,23,46,28,10,31,21,16,10,12,23,21,16,31,21,31,16,21,12,23,21,23,24,16,21,10,43,40,5,21,21,47,6,6,21,22,5,24,22,12,46,12,23,0,23,21,31,16,44,12,21,10,22,21,16,21,10,0,10,40,5,6,36,10,23,22,0,22,22,0,40,21,6,10,10,44,31,16,0,10,12,10,36,28,23,31,36,23,10,40,46,22,47,22,0,5,23,28,8,47,0,23,16,5,22,23,8,44,31,16,12,15,10,28,6,24,21,31,0,12,46,21,23,21,21,31,22,23,10,22,46,43,47,10,46,28,43,16,23,46,44,6,10,44,6,21,0,28,46,24,31,23,23,5,22,6,47,21,0,15,40,23,31,21,15,21,46,10,12,47,5,31,12,23,23,10,15,23,31,16,46,15,47,21,28,31,0,12,6,23,22,5,12,10,46,21,47,21,46,44,43,31,6,12,6,5,22,10,46,6,0,12,12,6,40,31,10,31,15,5,21,16,31,6,36,23,6,0,15,8,6,40,8,40,10,10,31,12,40,5,21,15,22,12,16,31,36,6,46,10,12,31,21,44,22,47,44,0,40,24,21,46,47,24,5,24,28,12,22,0,16,21,31,46,0,16,16,31,40,12,16,10,28,8,16,10,36,31,10,0,43,6,46,24,46,23,31,44,31,23,46,31,22,0,22,44,44,22,22,21,22,43,23,23,12,6,24,8,23,21,21,31,15,12,44,16,31,31,46,21,5,22,46,5,24,15,8,44,21,16,10,16,23,10,6,47,22,12,16,16,31,46,5,16,31,47,21,22,22,21,10,40,24,12,0,16,16,46,21,31,5,22,24,23,6,31,22,5,46,21,40,5,10,10,21,22,8,16,21,46,31,8,10,23,31,31,47,10,5,47,21,5,21,46,12,6,21,24,6,12,28,43,10,23,8,21,12,43,31,47,47,40,6,12,21,16,16,31,22,12,16,31,5,31,22,31,31,22,46,28,21,22,23,43,6,21,22,31,31,10,5,23,12,28,6,6,22,23,23,22,5,44,21,6,12,31,0,12,21,5,21,31,31,21,46,10,5,21,36,16,6,28,0,43,16,15,21,21,21,47,6,24,15,28,47,28,16,21,31,40,22,12,47,43,16,6,5,21,47,31,31,0,6,16,22,46,28,16,22,47,22,22,15,31,21,21,23,5,6,23,31,46,12,12,22,31,23,6,31,21,0,22,15,16,24,24,31,40,23,47,21,47,40,8,12,24,10,47,31,46,15,22,47,21,5,46,12,22,6,43,6,31,16,23,28,21,12,12,40,6,5,21,24,12,16,16,47,46,6,24,0,28,10,31,6,23,21,5,10,28,28,40,40,40,47,22,46,23,16,16,47,31,21,16,21,21,23,16,31,16,12,15,47,47,10,10,47,16,12,21,28,12,10,31,47,23,10,46,23,23,10,12,10,6,36,31,5,31,10,44,10,22,6,46,47,12
1,Phoenix Rising,Asian,0,21,10,31,31,24,24,32,23,5,29,6,29,31,23,46,12,31,47,44,23,22,46,22,46,23,31,12,22,44,4,21,16,21,32,16,40,46,46,36,31,16,5,40,21,10,12,6,29,31,12,28,31,43,23,15,0,43,21,10,31,23,6,31,23,16,47,31,12,21,10,6,0,10,22,46,4,23,44,31,47,24,24,24,21,40,28,46,23,23,23,22,40,44,40,15,43,31,16,40,4,4,28,44,0,44,0,43,43,44,15,6,0,10,15,5,0,32,24,6,31,21,22,22,28,4,28,0,12,10,12,47,28,24,21,4,44,4,43,31,0,23,40,6,23,46,43,16,47,31,12,43,31,47,40,21,4,22,46,31,46,46,4,46,46,0,31,31,21,29,46,12,21,40,28,23,15,36,32,6,6,0,10,21,44,31,21,40,31,21,46,21,6,10,5,40,0,28,0,46,0,31,36,28,12,21,23,31,31,36,36,21,31,8,10,10,24,47,5,47,21,21,31,40,16,21,12,12,44,6,47,12,31,8,46,23,43,12,16,12,31,5,40,0,44,22,12,31,31,21,23,21,23,43,28,21,12,24,44,47,16,31,0,22,47,21,12,21,10,28,21,29,10,40,31,5,43,47,5,46,28,47,43,46,40,4,12,16,40,10,40,10,28,21,28,40,32,31,28,28,46,21,12,5,29,0,46,5,12,31,6,36,21,47,44,46,12,0,6,31,16,0,10,6,46,10,44,47,8,8,5,8,21,21,10,46,12,10,6,23,23,23,6,21,22,31,22,4,24,15,6,12,43,31,10,32,10,5,10,12,23,5,10,16,12,10,5,10,10,24,40,21,15,10,8,22,22,21,40,28,31,5,6,31,47,10,21,23,32,23,36,31,31,10,23,21,6,31,10,0,15,16,8,24,31,28,23,21,16,47,23,47,4,23,21,36,4,5,40,21,0,23,31,5,0,44,10,46,36,12,21,21,21,24,47,6,28,4,23,21,16,6,31,28,23,31,23,31,46,12,23,43,21,10,10,40,31,6,46,29,10,10,31,10,22,31,31,44,5,12,47,31,40,6,28,44,6,6,6,22,24,21,21,6,21,46,15,24,29,0,23,4,47,31,12,21,31,15,47,44,4,10,21,10,24,8,10,12,43,24,22,21,23,46,40,23,29,31,21,21,5,16,0,0,22,29,22,29,46,29,31,16,12,16,6,44,6,6,28,32,6,15,6,6,31,23,47,15,21,29,28,24,47,46,12,6,21,43,44,15,15,12,29,6,31,21,6,46,10,21,22,31,40,36,47,15,36,10,5,32,15,24,10,44,5,21,28,23,23,10,23,40,6,5,16,10,23,43,46,46,24,31,12,6,31,22,6,5,21,31,6,0,4,12,0,31,8,6,12,12,0,12,10,21,0,12,47,32,10,21,23,21,43,10,21,15,28,21,4,8,21,5,16,10,4,10,46,23,47,31,15,46,28,0,4,29,21,0,16,4,21,23,31,36,12,5,5,29,21,31,43,32,28,43,44,46,47,6,31,6,31,29,12,23,43,0,21,6,22,22,28,10,21,21,10,6,31,23,21,46,8,28,6,16,44,6,12,31,23,21,0,6,12,12,29,28,44,12,4,0,6,43,6,0,21,15,29,31,32,28,23,23,16,4,43,21,24,16,23,8,4,5,15,22,10,29,10,28,10,29,10,5,22,24,46,21,15,21,32,31,0,31,21,22,6,43,47,21,12,21,23,23,6,16,31,23,15,0,6,0,8,47,6,47,12,4,31,44,47,23,28,23,23,21,29,0,31,46,28,46,28,10,31,28,29,10,5,40,23,21,16,24,8,6,10,21,5,12,6,21,10,16,23,23,28,46,12,6,12,44,31,31,29,28,22,5,5,6,22,46,0,40,0,21,6,24,46,29,0,46,15,31,4,10,10,23,4,31,6,6,22,31,46,46,4,6,21,23,31,10,10,24,46,21,16,22,43,21,28,21,12,46,6,31,31,28,44,23,15,15,21,5,36,6,5,4,24,31,0,21,21,28,16,4,31,28,28,43,31,28,29,28,47,21,40,24,21,16,47,44,40,10,44,12,21,31,6,6,0,10,4,28,15,15,16,4,5,43,47,32,31,31,29,22,46,29,24,10,22,47,4,12,0,23,6,10,31,23,16,43,16,12,23,21,16,40,6,22,43,6,46,21,10,31,46,29,44,16,28,10,40,28,0,21,5,10,15,21,23,21,6,12,31,5,21,6,4,47,6,5
2,Horizon Shift,Hispanic,31,36,12,6,21,21,41,8,0,6,31,22,12,0,2,10,21,12,4,15,31,6,4,6,22,10,10,40,4,24,28,31,23,8,23,21,31,47,28,32,29,12,12,44,24,0,44,41,43,21,31,10,21,6,12,41,16,10,31,31,2,0,46,16,21,12,6,12,36,10,0,22,23,43,47,4,28,21,5,10,28,40,41,29,31,31,4,4,12,32,10,4,44,5,21,31,21,16,31,24,47,47,4,6,21,12,10,44,40,29,41,4,12,8,10,10,23,23,44,24,36,2,4,6,22,46,47,16,31,43,16,10,6,40,0,46,12,10,44,12,10,31,31,40,0,28,44,0,46,10,24,24,12,28,44,16,28,4,47,40,6,22,47,4,10,12,16,2,31,5,47,0,0,21,4,12,29,2,36,47,46,36,31,44,15,43,41,41,32,31,22,40,10,36,21,31,21,10,36,22,36,36,21,6,29,8,16,16,36,10,23,10,10,10,12,44,12,4,40,46,41,6,12,41,23,31,31,0,6,4,46,23,10,21,10,36,24,6,31,21,36,15,24,31,31,6,24,5,40,12,36,29,31,29,46,29,16,10,31,28,0,2,21,47,46,10,23,16,21,46,29,21,36,44,23,6,6,4,31,47,10,28,40,10,31,10,6,0,12,31,15,0,4,6,47,12,31,36,4,47,28,0,31,31,40,10,28,15,44,12,28,10,36,46,24,47,16,21,43,15,12,31,21,10,22,40,15,6,36,2,44,32,0,16,2,47,21,21,15,8,16,10,28,41,4,8,10,22,12,29,12,10,29,5,16,10,0,12,36,21,12,43,21,10,36,21,10,0,5,6,10,5,44,12,23,28,4,24,10,10,10,15,47,10,10,21,31,12,8,0,21,21,29,21,31,41,28,23,36,10,43,23,23,31,6,46,10,29,21,46,10,10,28,31,43,31,28,24,15,10,36,12,21,15,31,24,31,47,31,23,8,0,31,21,4,10,22,28,10,40,21,10,23,22,31,0,10,15,10,36,10,24,43,0,21,12,5,46,47,6,36,23,23,31,6,23,0,15,44,0,28,0,21,46,47,15,4,43,47,4,41,36,31,22,15,47,29,40,41,23,31,10,28,21,36,31,21,21,10,5,46,23,23,40,41,2,43,10,6,43,47,31,16,22,44,16,15,16,10,2,41,0,21,21,47,43,10,44,4,41,10,31,31,12,46,21,40,31,4,31,4,5,22,29,5,36,22,6,12,41,47,21,28,22,10,24,36,24,10,44,12,23,44,40,12,36,21,22,23,36,46,10,43,21,10,24,10,15,41,31,10,43,12,40,44,29,4,36,36,23,32,41,47,12,31,23,12,15,6,10,21,21,44,15,36,10,4,41,10,10,4,21,47,21,21,36,23,22,31,21,21,36,5,41,21,24,6,21,0,15,2,36,5,31,12,21,22,6,6,10,15,15,21,16,47,23,10,21,28,5,12,6,4,36,46,5,10,10,36,22,10,32,2,31,43,21,24,40,29,12,40,23,22,5,24,6,28,43,5,40,10,10,0,21,15,31,31,5,4,6,10,36,12,31,2,22,41,12,12,4,31,10,4,31,12,21,6,36,10,12,31,4,16,16,24,47,15,31,46,36,10,29,10,36,41,21,21,8,2,6,21,12,12,10,15,23,5,0,2,32,46,24,40,28,5,31,12,4,21,5,36,12,10,5,4,40,31,0,31,12,36,15,12,6,4,29,46,31,16,36,21,10,4,10,0,12,10,10,10,36,23,28,4,4,31,47,12,29,46,31,46,16,21,8,31,12,36,6,47,47,4,36,21,47,12,21,24,5,0,12,31,44,10,10,23,10,15,31,22,41,21,36,10,21,47,6,21,29,0,5,10,12,41,22,46,41,29,22,6,6,10,15,36,24,47,10,6,31,10,47,24,0,6,0,41,12,47,12,28,47,46,21,28,6,28,28,44,10,10,24,21,15,28,0,36,47,31,16,47,36,16,10,40,10,21,6,41,12,43,21,12,31,21,4,40,22,44,10,36,44,12,4,23,28,24,6,6,15,40,4,6,47,4,44,21,5,36,0,4,6,10,36,5,40,43,23,31,44,21,21,28,10,29,29,23,47,15,15,22,10,36,24,15,4,10,5,15,6,28,10,22,31,23,31,46,0,12,12,10,24,12,10,12,0,36,10,22,6,21,31,28,23,36,36,22,5,5,0,6,36,12,4,31,0,44,21,21,5,8,0,15,29,21,10,32,4,47,10,4,6
15,Prism Spark,Black,10,10,23,24,10,10,46,2,21,43,41,21,10,32,8,47,10,24,46,46,8,46,6,47,4,32,0,5,46,40,21,10,0,2,21,36,12,4,4,31,6,0,29,29,12,16,43,10,41,46,10,47,36,21,10,43,12,24,24,16,23,32,28,12,10,21,10,36,16,23,36,28,31,21,10,47,47,10,29,15,4,10,44,10,23,46,6,28,16,2,21,10,31,10,29,5,44,0,0,29,10,21,22,46,12,40,32,40,10,31,10,28,21,32,31,46,36,8,6,31,2,20,28,10,4,10,6,36,36,15,21,4,47,46,16,21,10,46,10,16,21,8,41,41,21,21,5,21,6,36,31,5,0,21,15,32,6,46,28,29,10,4,28,47,4,23,0,10,6,46,21,32,36,24,21,36,10,32,10,4,21,31,15,10,46,24,46,24,8,5,4,29,43,31,12,21,12,22,21,6,16,23,8,21,40,2,0,0,10,32,20,8,23,31,31,46,43,28,29,21,5,15,29,6,10,2,36,32,43,28,6,16,0,2,47,32,6,21,0,10,32,44,15,16,10,21,40,24,24,24,16,41,32,40,6,44,0,41,41,46,12,8,36,46,22,31,16,12,36,4,5,44,23,24,21,40,46,22,41,28,21,21,24,28,12,22,29,23,41,32,31,31,6,40,4,10,10,21,10,4,21,23,16,12,43,12,21,24,5,23,4,2,10,4,15,6,31,31,40,44,31,10,5,22,6,29,46,28,10,31,21,21,36,36,36,4,44,31,5,10,32,32,10,40,6,32,6,46,46,43,46,23,6,24,12,23,23,24,0,16,21,29,16,12,23,32,15,36,15,41,12,6,24,23,32,46,28,10,24,6,40,10,46,36,22,36,36,36,2,12,32,23,43,36,12,15,4,12,12,32,29,21,31,21,40,47,31,40,0,6,21,28,21,10,44,20,46,12,12,41,21,0,12,6,21,40,20,10,8,0,23,12,24,6,10,4,21,46,12,29,0,46,36,10,21,32,12,46,6,16,32,6,5,12,29,6,43,21,4,10,16,21,21,0,10,36,12,10,15,21,10,21,24,28,6,21,28,29,21,10,6,12,32,47,6,22,24,46,21,12,32,21,21,40,10,16,12,12,4,21,22,36,32,21,44,10,12,31,5,44,4,36,10,6,15,32,5,0,36,36,40,10,12,12,4,46,6,41,6,24,23,0,40,32,28,15,29,44,21,36,22,43,47,10,46,10,46,41,10,10,21,15,4,47,21,29,32,40,46,21,5,0,12,43,0,10,12,21,31,8,47,16,31,31,21,12,23,43,24,2,12,46,29,43,24,44,21,32,32,32,21,15,22,24,10,8,16,5,28,22,29,36,5,41,23,28,22,40,31,21,47,36,6,10,10,12,10,21,23,10,10,23,24,24,12,21,22,31,36,29,32,16,24,21,44,44,4,15,10,31,29,24,23,32,21,21,4,31,46,6,40,21,46,12,21,40,8,31,0,47,12,10,20,10,46,6,12,6,10,32,5,36,4,46,10,4,22,40,10,44,21,46,32,0,24,10,16,24,47,10,47,23,23,23,36,47,12,0,36,21,23,4,46,0,24,46,21,21,16,10,21,22,0,10,31,46,29,10,21,12,21,12,4,23,31,6,43,2,10,21,31,21,31,22,21,10,31,32,21,21,28,40,10,6,24,41,0,22,31,46,32,6,46,21,22,41,46,16,21,23,31,44,36,4,46,15,10,32,31,31,12,21,47,31,10,36,21,23,46,10,21,21,21,46,6,6,0,31,22,32,10,12,16,20,24,10,10,4,21,10,21,32,12,46,43,43,41,21,31,16,12,10,32,24,8,20,41,16,47,24,24,10,21,31,46,4,10,46,36,24,12,23,40,46,10,12,31,4,28,10,36,12,16,12,28,41,22,24,12,22,31,12,28,36,15,36,22,32,47,28,10,36,21,28,10,4,24,20,32,5,16,40,10,31,0,6,21,0,10,12,31,47,12,36,16,47,31,0,44,44,10,10,31,46,29,28,10,23,32,15,6,21,10,47,41,47,4,31,41,22,24,6,28,41,46,29,12,21,46,24,15,0,12,21,12,12,41,15,23,36,46,4,43,46,36,22,24,40,28,20,0,6,31,6,22,41,29,46,46,46,10,32,12,21,22,16,0,31,0,12,32,31,21,32,0,21,46,46,44,29,21,12,0,2,6,6,46,12,22,8,29,47,16,12,12,43,31,15,20,32,12,6,2,6,8,10,22,21,22,21
4,Infinite Reach,Native,19,23,36,41,12,15,40,31,36,44,46,10,21,36,20,6,36,29,28,12,32,4,21,4,6,36,32,43,28,6,10,23,36,32,2,0,5,22,39,10,24,21,40,46,40,36,41,24,21,40,21,4,16,44,32,6,36,41,5,19,36,12,47,21,32,32,4,32,21,19,16,10,10,15,4,28,22,31,21,12,39,12,5,6,20,16,22,22,21,31,36,28,6,41,15,16,5,21,12,15,22,46,21,15,10,5,16,6,29,24,43,46,23,31,46,44,10,20,12,40,23,8,46,47,47,21,4,23,10,12,19,22,21,44,10,47,29,21,29,0,23,20,6,43,36,10,46,10,10,0,10,21,36,10,6,10,39,47,22,10,39,28,21,10,21,21,23,23,12,40,28,21,16,29,22,16,43,8,8,22,39,16,6,12,31,6,6,31,20,24,6,10,41,0,44,6,10,46,12,21,23,0,20,10,46,32,10,21,19,2,16,36,21,36,36,12,15,21,44,28,12,44,5,10,0,16,21,31,10,39,28,31,16,16,22,19,16,16,12,36,23,16,10,12,6,46,15,43,6,10,19,40,12,12,47,43,10,40,40,10,21,36,12,6,4,23,36,32,0,39,12,43,32,29,36,29,41,46,40,10,47,6,15,39,29,21,10,36,5,0,12,23,10,15,6,31,2,32,47,6,22,32,32,46,44,23,22,43,10,10,46,32,31,28,31,10,21,23,15,24,19,21,44,47,21,12,24,4,32,36,31,2,12,32,31,10,10,23,43,32,21,31,4,6,47,2,28,6,15,6,29,0,15,10,31,8,12,40,19,23,0,24,31,0,0,0,41,19,29,21,41,43,21,32,36,21,10,5,6,21,29,43,28,21,6,0,16,19,20,36,10,10,40,32,10,40,21,16,32,23,31,31,16,43,21,10,21,5,31,39,12,46,46,12,29,10,10,21,5,16,10,31,16,16,23,43,23,6,20,21,20,36,43,41,28,47,46,21,21,44,31,4,16,4,10,16,31,10,47,10,21,15,41,23,5,43,46,10,21,31,23,36,12,36,47,2,16,16,41,10,6,10,15,4,22,12,46,44,4,21,10,23,10,21,29,39,40,10,12,36,16,47,6,44,21,10,0,6,6,40,21,32,16,5,6,36,16,0,16,16,39,20,36,21,16,21,44,32,12,8,43,21,16,10,28,40,4,6,10,21,16,10,15,19,4,10,46,5,39,16,28,6,39,5,40,21,21,5,40,6,4,40,6,10,19,40,23,31,31,46,44,32,21,16,36,23,44,28,20,20,21,23,21,2,46,43,32,24,40,8,43,41,46,16,43,6,6,21,21,0,16,31,10,46,0,20,32,40,10,28,12,12,15,44,32,47,39,29,40,5,46,31,39,36,23,23,20,4,36,36,23,16,16,10,23,40,46,23,23,44,16,12,29,16,24,24,21,40,22,2,12,10,19,12,28,32,21,16,10,10,43,28,47,19,39,12,36,32,31,21,40,16,10,32,40,46,40,16,16,0,6,16,47,10,31,21,4,12,40,12,36,12,16,36,21,21,32,29,28,39,4,16,32,36,23,28,15,21,0,28,32,46,39,10,6,31,5,23,12,36,12,47,23,23,10,39,10,0,47,21,4,16,21,19,10,10,16,36,16,10,2,36,0,21,40,16,21,36,10,20,6,31,31,10,40,46,32,6,36,10,31,31,28,40,47,5,12,12,16,32,32,6,10,46,10,6,28,0,32,19,32,36,28,19,23,10,43,36,4,32,36,10,22,39,15,21,32,24,10,19,47,0,32,36,15,19,32,39,4,4,10,12,32,39,40,46,6,10,21,19,10,21,36,41,20,23,10,36,10,29,12,23,20,19,10,39,16,21,31,43,23,16,44,10,39,15,40,47,46,47,23,44,32,43,10,40,10,40,23,4,29,10,46,16,40,10,39,23,4,21,21,0,10,4,21,10,31,32,12,40,12,6,4,16,21,39,46,10,6,32,10,4,10,8,12,46,6,31,12,12,44,12,8,22,46,39,41,32,19,46,29,6,19,6,29,46,22,44,6,6,16,4,21,12,16,21,32,31,22,15,46,31,46,10,29,0,10,43,32,32,22,21,24,12,21,39,6,24,10,8,10,43,16,39,39,31,10,12,4,21,28,16,36,10,39,23,10,21,23,6,10,36,32,12,32,29,4,28,24,46,10,32,16,20,10,44,12,23,10,2,43,6,21,19,21,44,46,12,21,12,44,10,8,29,36,28,28,6,28,46
5,Azure Sky,White,36,0,21,5,23,41,21,23,32,31,12,28,44,12,36,21,32,44,10,29,36,21,28,10,47,35,12,15,10,10,39,12,31,10,36,10,26,10,33,16,26,10,41,6,29,35,24,29,31,10,36,21,2,29,36,21,10,29,10,0,20,21,10,36,0,36,21,0,31,12,23,46,16,46,21,21,10,35,6,40,10,43,10,41,8,12,47,47,35,0,16,46,15,40,24,24,24,19,23,16,6,10,47,29,23,31,23,5,15,16,21,39,36,16,5,43,21,16,21,12,20,0,21,46,21,39,33,12,0,6,36,28,39,29,32,6,46,28,31,36,35,36,46,24,10,39,41,32,4,19,43,46,16,4,5,36,47,6,4,24,4,47,22,6,22,19,19,20,26,21,33,19,35,31,10,32,41,20,16,39,33,23,41,5,16,26,26,10,23,16,47,15,15,23,43,41,36,21,10,28,10,35,10,4,10,36,35,32,21,21,2,31,36,21,19,6,40,33,6,6,40,12,15,16,36,8,0,19,40,21,21,35,12,36,4,21,5,41,35,19,10,41,6,32,24,47,5,46,21,16,10,16,16,24,10,10,23,29,21,4,32,0,31,21,39,0,21,35,16,47,15,16,16,10,35,12,15,10,15,39,46,39,26,33,15,6,26,31,10,36,43,35,46,26,22,6,21,0,21,21,39,16,0,40,41,19,4,6,40,16,47,0,12,6,12,33,10,10,24,41,35,12,15,46,4,5,5,10,2,16,40,20,19,0,32,39,43,19,10,16,0,16,21,31,10,36,4,47,44,44,43,21,31,15,35,16,32,10,32,32,35,6,36,36,32,31,12,12,24,31,31,10,40,36,2,10,33,40,43,46,15,44,4,0,39,23,10,31,16,16,23,12,5,31,0,46,10,10,31,16,26,12,32,5,15,39,32,41,10,10,32,4,47,21,12,8,22,15,29,43,19,10,36,21,36,6,2,39,10,32,2,19,5,31,6,28,6,10,36,15,19,21,2,39,36,12,21,43,21,21,36,21,44,32,31,21,26,4,33,41,19,20,16,23,39,32,32,46,6,16,46,36,5,10,21,40,22,41,39,47,29,31,12,4,43,4,31,12,26,31,12,6,22,16,19,12,16,31,46,24,28,8,35,43,5,0,15,35,26,10,6,16,21,39,43,12,21,21,16,23,24,32,10,19,10,12,46,15,22,44,21,35,5,21,47,43,43,41,6,20,46,26,4,24,21,12,39,16,31,43,10,12,22,4,35,44,31,44,26,40,40,10,41,41,35,31,41,47,21,31,39,35,10,16,33,10,21,6,43,36,46,5,24,31,16,10,46,0,31,12,10,5,28,40,35,16,31,10,39,33,40,16,10,31,12,4,28,12,6,15,22,23,46,23,35,0,0,10,35,0,36,0,31,43,31,16,4,36,35,24,8,0,40,19,41,12,10,5,47,32,16,21,10,0,33,36,6,12,4,43,46,39,21,23,28,10,2,19,10,28,44,31,36,16,5,24,31,46,6,36,21,21,6,40,29,39,6,46,12,21,0,16,10,31,41,23,0,26,21,33,39,19,19,0,8,21,29,10,10,22,10,39,28,12,41,15,15,19,21,31,23,21,36,19,15,4,40,36,10,10,47,21,39,32,12,44,40,23,36,39,32,10,10,33,5,31,29,19,36,10,10,12,6,33,26,24,23,39,23,31,16,26,47,10,21,24,41,31,0,0,35,41,35,10,28,44,4,16,35,32,19,16,46,32,19,32,29,32,21,12,10,4,47,33,41,46,36,21,4,0,6,35,0,32,43,36,16,10,22,22,39,0,16,33,6,24,15,12,32,32,21,46,23,12,36,2,26,35,4,43,44,12,8,35,33,22,23,40,21,40,35,0,43,39,21,21,16,46,39,33,32,31,21,31,39,21,39,21,21,33,41,16,21,32,24,19,28,10,10,39,39,23,39,10,6,39,46,36,16,29,19,26,22,19,10,28,29,35,33,19,0,33,29,16,36,21,10,10,10,46,40,41,2,10,15,10,21,20,23,40,5,46,32,21,21,39,33,16,10,10,41,46,46,29,44,43,31,12,33,26,6,35,26,16,15,10,40,31,36,12,6,39,21,40,12,6,44,26,46,16,19,40,6,10,47,44,16,24,33,33,39,35,31,32,21,21,36,10,19,10,31,0,10,10,10,26,21,39,40,15,33,36,35,32,39,40,24,21,46,16,31,22,10,32,43,16,16,29,16,16,31,24,20,46,2,33,21,4,39,16
6,Neon Pathways,White,40,12,31,44,0,5,12,36,12,10,40,4,43,21,0,28,23,10,21,41,20,33,34,46,33,40,19,10,47,31,33,0,40,0,20,23,29,34,6,8,12,32,26,12,10,23,26,40,16,24,32,34,23,41,35,44,31,44,15,32,0,19,21,35,31,10,39,21,19,31,35,4,19,29,34,10,46,0,12,33,21,29,31,16,0,10,39,34,19,10,31,21,29,15,31,41,15,35,19,12,46,6,46,10,16,16,31,46,5,43,46,21,10,13,21,33,16,13,43,46,10,16,34,21,39,47,10,32,23,40,32,39,4,43,12,33,43,47,16,32,12,32,5,46,32,47,15,36,39,32,29,6,32,39,43,31,10,10,21,6,33,39,33,33,39,36,40,16,24,6,10,31,19,33,39,31,40,23,2,10,10,35,40,31,10,12,29,21,0,44,10,16,24,19,15,12,31,4,31,4,32,19,13,34,31,20,21,19,12,16,32,32,32,0,16,21,5,22,12,33,15,33,46,43,35,0,32,36,26,34,4,10,23,0,28,10,10,26,32,40,21,26,31,36,21,4,43,12,43,29,12,43,36,15,21,5,32,15,24,21,36,23,23,39,28,36,40,23,31,33,33,33,0,15,10,44,44,39,29,33,22,22,46,22,43,33,5,21,43,21,16,19,39,46,21,29,23,35,6,46,10,19,23,44,31,16,39,12,29,40,39,20,23,21,29,21,32,35,16,12,40,32,6,33,47,33,6,33,31,23,46,36,10,40,13,28,15,32,16,31,35,0,47,5,21,21,21,39,26,16,15,31,44,43,21,31,36,16,12,0,32,41,23,31,19,12,6,32,40,12,5,16,46,16,31,6,39,31,12,34,12,31,33,23,28,16,19,21,21,19,0,36,15,16,36,26,39,36,21,12,24,40,20,10,12,22,2,15,32,33,19,34,6,32,16,0,21,43,26,6,16,32,35,44,35,31,32,22,13,16,10,32,40,43,39,33,10,33,16,12,10,47,21,46,12,19,40,41,33,32,0,12,29,21,24,44,33,47,10,5,0,13,40,19,21,0,36,43,10,32,33,16,6,21,10,46,33,40,33,33,15,32,35,10,12,33,5,15,10,35,19,39,39,46,32,19,10,41,39,31,6,0,31,24,16,16,33,16,12,31,34,2,31,28,24,35,33,10,0,16,33,36,23,32,21,5,39,26,47,6,32,19,21,35,39,41,24,15,34,2,33,29,10,40,16,16,33,29,29,33,39,46,33,39,36,43,35,29,6,12,6,21,5,12,10,32,5,39,8,32,33,32,46,32,22,16,16,31,16,16,44,31,26,12,31,41,10,10,40,16,31,44,4,43,36,32,36,46,21,6,43,32,31,46,0,6,10,10,44,46,39,35,28,16,36,16,13,47,32,23,12,10,43,5,32,29,39,20,19,41,10,10,31,23,29,5,6,29,28,0,33,29,32,31,22,16,39,32,21,21,26,47,39,40,33,15,16,35,23,34,16,13,13,20,31,43,43,41,31,23,10,20,33,29,6,28,10,29,29,29,16,26,36,35,12,12,40,31,33,4,21,35,35,35,32,39,6,36,40,10,16,34,47,23,15,24,43,32,35,35,32,39,10,32,21,21,6,21,22,16,46,44,28,40,43,12,31,21,8,46,0,19,19,28,46,36,6,12,32,0,22,43,21,21,41,6,16,34,19,33,23,15,21,31,10,12,43,10,2,16,23,5,0,21,22,5,34,36,40,12,0,35,34,23,21,19,31,16,39,16,20,6,28,21,43,39,19,12,39,10,33,21,10,13,6,21,21,21,34,28,46,35,10,21,41,40,10,41,19,36,19,33,16,16,16,16,12,23,34,44,26,32,13,10,21,10,19,44,32,33,36,36,33,6,47,43,21,39,34,22,21,5,23,15,46,6,28,12,35,10,44,32,34,23,46,16,33,0,33,10,6,35,6,22,47,47,41,21,23,12,40,44,39,12,12,4,16,23,46,23,36,39,16,23,32,39,12,21,6,41,24,44,32,28,26,21,26,21,21,33,40,34,36,39,33,21,46,6,21,47,10,39,10,10,33,44,40,32,39,5,21,21,41,31,46,19,43,40,10,31,34,47,10,21,31,34,43,12,4,0,35,44,5,34,33,21,26,5,34,39,34,10,19,19,28,40,16,32,32,46,19,21,16,40,31,43,39,4,33,40,22,31,21,23,4,15,21,35,39,20,44,33,32,16,31,24,41,31,31,35,10,41,32,33,23,47,39,22,34,44
7,Ember Core,Native,23,31,19,43,19,31,29,13,19,15,43,39,33,10,32,33,35,26,6,26,10,28,22,23,39,19,21,31,39,12,46,19,19,20,8,40,46,39,47,21,43,27,16,31,16,19,40,26,5,16,27,46,20,40,19,40,32,31,16,40,10,16,34,0,12,19,22,40,23,27,19,21,27,24,46,39,34,32,33,43,46,15,33,22,13,41,21,39,0,36,32,39,5,26,44,33,12,32,40,6,21,39,23,12,32,10,19,24,46,15,6,34,31,23,12,26,27,2,22,5,8,31,10,4,10,23,22,21,35,44,31,23,23,21,35,10,31,39,6,23,32,19,12,22,16,4,16,35,33,12,33,31,19,6,24,35,33,33,39,15,28,21,34,34,23,10,36,32,40,22,39,27,23,22,47,0,31,21,23,21,34,19,29,43,43,44,22,46,36,15,23,44,16,35,41,33,16,34,23,39,35,16,2,47,22,23,19,36,16,13,19,19,16,32,23,26,10,10,43,4,43,46,21,15,12,20,10,40,33,10,33,36,40,19,21,16,33,15,36,23,0,12,29,40,43,10,6,40,26,43,31,26,19,22,39,12,21,6,22,33,10,21,40,4,21,19,27,27,32,10,41,31,31,5,19,41,5,21,46,34,4,23,6,34,24,47,43,27,24,19,26,27,23,16,34,44,20,10,22,33,6,36,10,24,12,27,6,44,43,0,34,8,0,33,6,4,27,12,5,21,0,40,43,39,39,21,41,39,19,10,10,23,31,10,23,23,26,0,29,19,12,21,46,10,34,10,47,21,21,21,26,36,5,33,0,2,40,15,16,40,31,26,19,19,31,35,29,35,26,40,15,44,41,0,20,4,46,15,16,47,43,12,23,32,34,32,0,40,10,40,2,0,12,23,16,43,47,27,40,27,33,19,13,29,29,33,19,31,27,21,31,33,39,40,24,16,33,26,22,33,12,27,23,43,19,5,21,34,32,27,19,10,26,33,34,46,4,39,35,6,35,22,32,33,32,40,32,12,4,31,19,33,12,40,44,10,40,23,28,15,27,2,10,35,33,13,19,24,12,36,21,27,31,47,39,24,34,16,22,46,12,0,19,28,41,28,44,43,16,10,40,22,33,33,16,36,32,10,23,26,10,16,27,16,31,21,21,36,24,41,28,0,32,4,26,36,41,35,31,31,29,31,35,40,39,44,34,12,23,22,12,36,46,40,33,33,26,40,22,10,23,33,33,16,29,32,28,21,24,44,6,26,39,21,31,22,40,41,21,43,31,19,31,26,23,12,16,10,2,10,34,36,24,20,34,41,20,44,33,21,41,15,44,33,10,5,23,19,12,19,8,22,39,44,32,13,10,12,34,21,26,23,6,40,16,39,33,33,12,6,10,10,34,19,12,10,36,33,19,19,40,21,41,33,10,43,34,2,21,6,13,19,41,36,31,41,23,44,34,36,5,16,0,21,6,12,28,19,33,16,5,10,10,35,6,6,20,12,21,46,29,20,21,0,24,22,21,43,12,21,29,8,23,31,33,47,39,31,16,33,2,24,19,19,26,32,36,43,10,46,6,40,27,19,20,34,44,27,16,6,20,6,34,35,26,10,29,0,19,40,36,28,27,40,26,33,41,32,39,19,28,15,23,12,5,40,33,20,31,4,13,32,32,34,44,2,12,35,20,16,21,26,44,46,29,10,27,21,32,24,19,44,4,43,6,29,44,32,10,27,16,10,40,28,39,33,33,10,23,10,36,0,33,35,12,21,41,12,47,23,32,23,39,6,16,23,10,40,33,40,34,19,35,2,10,31,19,23,46,34,47,31,35,23,24,16,44,15,16,0,27,31,31,29,2,8,44,27,21,6,16,19,32,36,4,33,36,12,19,21,0,19,26,21,28,40,12,34,4,34,31,26,35,10,34,26,21,15,19,23,16,40,22,21,5,32,34,19,34,33,23,27,47,21,46,23,5,0,35,22,35,31,47,36,40,33,24,40,21,35,21,34,44,2,19,4,46,40,40,22,41,6,13,39,12,6,15,0,35,6,22,22,35,10,40,4,39,46,24,34,21,21,22,15,43,12,23,27,10,12,31,19,24,15,26,32,16,29,12,27,21,33,12,22,32,33,33,41,33,31,16,26,44,21,34,22,5,43,21,6,6,21,21,40,33,19,35,35,36,22,40,32,36,27,23,46,28,33,5,26,6,35,19,13,47,21,22,27,4,19,6,10,36,40,46,29,44,41,10,23,24,22,23,41,13,39,46,28,23,31
8,Catalyst Vision,Hispanic,21,19,32,16,40,46,31,16,10,24,26,23,6,35,31,39,27,5,39,5,16,12,10,39,10,0,36,44,23,43,47,40,42,16,16,31,41,33,21,19,16,31,15,16,6,21,33,5,15,41,19,33,10,22,27,10,19,26,6,36,19,36,23,42,35,31,33,10,40,36,21,33,42,44,23,33,33,36,41,21,34,44,29,26,2,21,12,10,42,8,19,6,24,31,41,21,41,36,32,46,12,28,10,26,35,26,12,26,44,21,35,33,32,12,44,29,42,21,29,33,32,19,23,39,33,12,23,35,19,22,42,33,10,10,31,22,16,23,5,10,36,10,21,31,35,33,6,23,22,35,44,15,21,23,10,0,22,21,23,41,47,23,12,21,33,35,42,12,22,33,34,35,12,46,23,40,22,10,0,46,47,40,26,22,5,21,44,16,19,29,21,12,29,12,26,24,35,6,19,34,40,27,0,46,41,13,27,42,23,0,8,0,13,19,32,5,29,6,22,39,22,43,16,24,19,12,35,27,22,33,39,40,42,20,23,31,15,10,42,27,35,31,33,10,15,33,35,16,33,22,21,5,42,21,12,35,36,35,10,39,27,19,19,12,10,16,32,42,35,21,6,46,12,43,40,26,16,28,22,4,23,34,35,23,46,28,46,10,33,12,6,32,12,12,33,22,0,40,12,10,34,42,19,33,33,32,10,29,41,36,10,31,19,34,41,12,36,42,41,29,23,19,12,34,12,26,43,34,16,32,35,16,42,12,20,22,16,27,44,13,10,19,33,46,23,0,23,33,16,40,24,35,26,22,19,13,42,21,35,36,27,15,0,27,27,40,21,31,16,15,44,41,31,31,12,33,34,16,31,12,22,22,34,16,23,27,32,27,31,10,13,19,16,40,32,29,34,19,23,19,6,10,21,12,43,21,12,33,42,23,16,12,12,35,31,23,47,22,24,5,32,42,32,22,16,46,16,21,21,19,31,31,22,35,23,34,23,6,32,10,12,33,13,12,42,10,36,35,23,40,12,5,26,35,43,26,15,33,39,46,40,32,27,21,28,10,21,5,22,19,4,35,12,34,33,26,10,21,10,12,5,19,0,33,24,34,6,31,24,40,27,34,34,35,0,27,40,24,12,10,33,12,10,41,21,12,29,40,10,26,10,32,0,12,41,19,31,19,35,32,46,12,40,42,34,24,23,33,39,46,35,21,26,31,10,31,41,21,23,23,21,44,34,43,24,19,4,33,43,46,46,22,34,28,27,5,0,33,5,16,29,42,26,35,27,35,46,33,32,2,12,21,29,10,23,21,2,29,29,20,16,35,43,6,12,33,33,31,35,42,13,46,23,6,21,21,19,16,23,4,6,42,41,43,35,33,46,26,24,40,34,40,10,31,19,19,2,12,27,40,35,32,12,40,35,46,33,19,31,26,21,40,35,32,46,31,33,12,12,21,46,46,12,36,34,0,47,35,34,24,21,33,23,42,12,21,31,36,19,33,5,0,8,8,26,12,44,35,24,19,12,2,34,41,26,10,33,16,26,5,20,5,23,27,6,35,12,16,23,34,33,0,31,27,16,10,43,31,32,39,0,21,23,27,31,33,16,35,40,27,40,23,42,36,16,12,22,35,28,35,34,10,34,42,29,41,44,0,13,33,10,42,27,6,29,12,43,31,16,36,12,16,41,12,12,16,19,47,0,40,0,10,23,16,33,46,24,35,23,10,19,16,27,12,33,21,23,19,42,23,40,27,39,0,27,42,6,35,33,35,2,39,10,34,5,34,27,6,21,36,23,10,36,16,21,42,35,12,10,23,6,21,19,6,26,6,43,43,27,10,35,15,12,15,31,36,43,40,33,15,41,40,31,40,39,21,42,10,40,29,32,10,10,23,4,6,26,12,10,12,35,6,10,5,21,5,4,26,42,34,40,19,12,40,29,31,10,36,46,4,33,10,12,33,33,34,43,2,19,26,42,46,33,10,27,10,10,19,39,0,35,12,33,19,23,10,16,42,33,6,46,15,12,21,35,33,31,36,31,22,24,33,12,33,16,10,10,12,15,12,15,12,34,6,12,40,27,19,23,31,41,23,15,5,16,42,44,46,35,19,23,22,33,33,10,46,29,10,39,36,42,29,12,46,12,12,44,16,6,34,33,36,32,35,4,35,23,42,31,26,0,42,42,31,21,41,10,21,41,41,39,27,31,16,21,16,33,36,34,0,22,21,42,42,15,15,12,44,2,10,29,40,13,31,12,23,12,33,12,40
9,Lunar Bridge,White,12,42,40,15,32,35,5,20,27,29,33,34,15,42,12,4,29,43,23,40,42,39,39,12,23,21,23,6,2,26,22,36,32,13,13,35,21,2,34,2,5,40,31,5,5,12,22,16,22,29,23,12,12,12,21,35,40,21,44,21,42,10,33,40,29,0,34,35,27,35,32,39,12,31,39,2,12,19,40,44,33,31,16,46,16,43,23,12,36,42,29,12,10,18,33,12,29,10,35,35,34,12,12,21,29,24,27,15,22,5,29,22,40,36,35,31,32,0,5,41,13,36,39,2,23,28,21,29,27,18,29,21,2,18,40,23,5,34,15,35,42,42,15,21,40,22,35,27,2,29,5,18,35,34,41,42,21,23,12,26,21,12,39,22,28,27,21,42,18,24,2,16,32,26,34,35,33,12,20,33,2,12,43,35,35,22,35,5,13,35,34,35,21,32,40,18,19,33,27,10,42,12,12,23,35,16,12,27,40,31,0,20,42,2,40,33,6,34,46,12,10,29,24,12,21,42,27,42,21,2,10,29,35,32,39,29,46,40,21,42,19,6,5,21,5,23,22,33,12,44,32,12,27,6,33,18,19,43,46,22,40,20,10,2,33,42,19,19,42,2,35,41,29,18,32,24,31,34,12,6,34,10,10,4,6,34,44,19,29,23,35,36,34,18,2,41,12,23,23,23,12,29,42,22,10,36,33,22,15,42,23,12,35,10,5,2,35,29,33,16,42,16,31,4,10,31,21,12,42,19,16,19,32,19,0,33,29,40,21,42,40,35,34,12,12,20,39,2,35,41,10,19,35,44,36,19,29,46,23,27,40,40,35,21,10,19,26,21,33,29,6,22,43,27,19,34,21,29,26,2,26,21,2,40,2,31,40,16,0,31,16,29,10,35,42,6,12,0,42,42,40,27,0,18,18,4,42,43,35,2,36,39,10,16,15,13,39,44,41,29,40,35,42,35,32,22,19,4,16,10,16,42,41,44,12,23,12,47,27,43,36,12,10,34,40,27,27,22,28,0,2,22,46,29,46,18,44,39,22,40,31,16,35,16,34,19,35,35,43,35,39,42,29,39,34,10,39,22,34,6,44,40,36,39,31,23,26,33,46,16,35,12,4,29,35,42,19,44,33,16,39,20,42,26,43,32,44,32,18,15,23,8,27,2,6,10,43,12,32,20,12,40,32,35,6,21,12,31,21,33,36,32,33,36,23,12,21,43,10,19,34,41,21,35,44,0,23,43,5,21,2,43,21,12,29,46,27,21,29,10,26,40,43,29,40,40,24,12,16,16,23,27,33,19,4,46,0,18,26,13,33,44,41,10,40,22,2,16,29,35,12,21,34,26,40,0,35,41,47,23,46,19,29,29,27,21,21,18,46,41,2,16,23,27,31,35,19,28,16,32,31,40,15,26,27,6,10,13,29,16,42,23,21,40,5,10,47,22,39,42,40,43,36,42,39,27,34,40,6,22,16,34,2,32,34,18,13,21,32,12,46,36,16,23,29,10,10,5,43,10,24,0,39,16,22,33,12,10,22,24,32,35,31,40,29,19,19,40,39,21,23,21,10,42,19,33,16,32,35,33,2,47,12,36,21,26,44,40,29,29,29,12,35,0,46,10,46,16,12,32,12,40,2,10,33,31,18,13,23,23,12,0,35,47,24,42,15,42,0,42,34,15,18,23,43,26,31,10,16,15,2,40,12,15,23,44,35,27,20,35,40,18,19,33,23,46,21,23,27,0,35,42,21,27,32,40,12,42,23,27,16,2,12,10,40,33,29,35,12,16,4,36,12,19,41,32,23,34,39,39,12,19,27,10,10,35,18,46,10,23,40,41,13,33,13,13,18,29,39,35,46,0,42,29,22,12,31,41,23,18,29,32,5,34,34,33,43,23,23,4,42,10,27,29,4,31,34,16,27,21,6,35,23,19,21,35,21,35,21,12,47,40,2,34,23,46,29,8,36,44,31,12,21,32,35,12,41,36,23,10,29,21,22,13,35,23,40,27,31,29,5,24,16,23,31,46,33,2,40,31,44,2,0,34,44,34,12,5,26,39,43,10,2,16,35,15,35,10,6,10,43,16,10,43,44,16,21,33,40,23,33,6,22,43,29,10,18,16,23,2,40,41,22,47,4,6,46,41,39,12,12,0,10,36,34,12,29,36,42,29,36,23,19,42,19,24,34,34,15,24,2,19,23,10,12,26,43,29,2,42,26,23,40,35,35,18,26,10,32,42,46,33,0,26,42,2,2,34,33,15
10,Blue Ember,White,38,32,29,46,29,29,43,10,38,38,15,33,16,40,42,12,19,40,2,16,0,2,2,2,21,31,27,26,0,46,23,35,35,42,0,38,33,28,0,27,21,19,44,26,31,27,35,35,35,5,29,2,19,15,31,31,21,6,29,23,21,42,2,38,38,27,2,19,32,0,12,34,32,18,0,34,23,38,35,26,12,46,21,15,10,44,10,2,29,19,27,0,33,29,16,38,33,38,36,26,23,2,2,35,40,15,40,38,21,33,38,10,29,0,22,41,38,31,10,21,16,10,2,12,2,22,39,10,32,29,0,34,46,15,36,34,6,0,46,42,38,12,16,29,12,34,21,29,23,16,41,40,40,12,12,23,2,12,0,43,34,10,6,39,6,40,35,36,10,12,0,10,27,16,0,27,18,13,19,12,4,10,44,15,29,29,16,35,42,22,0,41,5,40,16,29,42,23,42,33,12,38,19,39,33,0,40,38,32,20,12,2,19,13,27,43,33,39,38,34,31,10,26,46,29,19,19,21,46,23,34,21,32,23,0,27,44,22,29,31,12,40,16,19,40,39,46,15,10,5,38,35,21,46,2,41,35,16,29,12,38,32,29,34,34,20,42,31,29,12,43,38,27,33,16,22,33,23,43,23,2,33,16,12,35,23,15,35,26,40,24,12,21,10,39,18,13,12,0,2,33,10,38,21,18,21,2,46,26,29,21,16,40,39,46,28,42,27,21,33,36,35,26,2,2,35,12,46,20,20,15,13,16,27,27,0,41,16,38,12,19,36,39,44,46,16,0,34,40,10,44,32,33,26,32,12,38,33,31,10,19,18,40,32,29,16,33,38,44,33,26,46,12,42,42,0,23,26,29,4,38,33,12,19,4,40,12,35,19,27,8,27,35,0,40,33,46,38,0,36,5,32,36,6,41,23,20,16,29,34,29,6,33,36,35,12,0,41,6,24,35,19,19,41,10,29,8,33,42,40,27,35,12,29,2,39,33,12,38,31,42,2,42,23,29,21,38,44,0,19,42,40,6,36,33,24,22,0,0,44,42,27,32,27,4,12,29,26,46,40,23,32,26,33,4,22,23,24,12,0,31,42,29,12,5,21,46,22,5,19,10,2,12,22,40,35,35,16,0,29,12,27,19,46,46,31,26,23,35,12,21,23,19,34,33,29,10,38,40,42,21,27,19,23,23,18,2,38,33,10,27,23,16,0,2,24,15,29,12,27,10,40,28,41,38,35,0,10,44,40,23,16,0,23,40,33,42,12,18,41,41,27,40,46,32,19,10,4,27,27,4,40,38,0,28,22,31,16,6,0,38,10,22,26,15,40,47,29,42,21,2,29,21,41,19,42,38,21,33,0,16,35,46,10,10,23,2,6,43,22,12,29,21,42,32,32,16,2,10,29,38,27,44,16,42,41,23,16,42,12,27,38,6,35,15,38,2,26,2,20,6,31,29,35,23,38,0,27,2,33,24,12,12,16,47,24,0,29,38,0,6,27,19,42,16,40,16,38,33,40,46,13,21,24,41,12,23,15,41,43,13,6,40,32,18,27,42,15,12,28,12,32,42,29,0,12,18,42,29,34,12,2,2,38,33,16,26,38,36,0,10,33,31,27,41,6,38,29,23,29,39,41,12,27,18,29,41,19,20,2,27,38,23,39,6,32,33,10,12,23,23,46,46,34,16,18,29,2,38,35,20,29,33,33,39,15,16,42,42,19,27,26,29,23,0,16,22,42,19,38,10,38,23,36,29,38,44,21,34,19,12,0,33,12,38,10,16,33,0,12,2,32,38,23,38,27,40,33,23,33,0,38,42,34,46,41,12,18,36,42,32,16,42,18,32,12,40,0,12,31,18,42,27,0,23,2,35,31,38,26,19,38,16,0,12,44,22,10,33,21,12,29,19,26,23,15,33,18,31,0,18,42,0,35,12,21,46,21,12,22,12,42,33,2,34,33,10,13,0,35,32,22,23,35,19,21,33,31,12,16,19,0,18,0,38,34,5,35,41,16,43,16,0,2,10,2,35,27,16,41,43,23,42,12,12,0,2,29,35,0,5,2,39,26,15,10,29,36,34,41,44,38,31,29,31,36,29,21,19,0,12,12,44,5,35,21,26,29,21,19,23,18,38,33,23,15,31,33,10,4,2,38,29,29,23,32,32,38,38,44,29,35,38,19,29,5,33,10,26,21,23,10,32,27,2,41,41,32,12,13,35,39,12,27,6,38,38,26,0,38,40,38,19,16,16,34,34,2,46,43
11,Quantum Arc,Native,27,33,35,35,27,22,18,0,31,40,24,12,5,23,35,0,38,16,12,10,19,34,23,21,34,16,40,2,21,5,0,42,29,31,19,19,38,12,12,13,18,35,6,38,46,38,10,31,12,43,35,8,42,10,16,38,27,12,33,35,32,33,39,27,27,42,12,23,10,38,42,23,38,6,33,6,2,33,46,5,23,18,15,21,32,26,34,23,32,12,35,34,43,43,18,43,35,12,27,21,2,8,33,31,33,41,33,35,26,41,26,12,38,2,16,21,29,10,31,38,12,32,33,0,6,33,34,27,42,41,35,2,34,35,27,39,26,6,18,27,27,13,26,18,42,2,26,40,34,27,46,10,38,22,33,29,12,2,10,12,23,2,8,8,0,31,38,19,2,38,8,29,38,15,6,29,24,0,13,34,28,42,12,18,40,16,5,2,16,2,33,43,26,27,46,43,27,2,38,23,29,10,31,33,18,10,33,33,35,23,42,27,2,20,0,2,44,2,21,23,18,24,41,2,38,36,42,23,24,46,0,27,19,12,34,0,12,43,38,35,42,22,43,42,29,8,2,18,44,6,33,38,33,33,23,31,29,21,15,2,31,13,32,10,2,13,35,36,33,23,22,35,38,46,27,35,10,12,6,12,8,4,41,6,16,12,21,38,35,38,44,40,47,43,12,24,8,29,2,12,8,40,27,29,5,40,23,40,18,19,33,42,27,23,26,23,29,36,31,26,29,36,22,21,8,44,2,23,13,12,6,12,35,38,19,21,35,36,12,2,27,42,23,35,33,35,34,12,22,12,41,29,21,2,29,42,33,26,42,42,36,10,32,38,40,36,35,29,41,46,33,35,2,33,0,12,2,22,38,0,46,46,8,27,12,42,33,42,36,42,19,32,6,27,38,35,33,42,29,33,41,38,19,15,44,2,27,26,33,4,35,8,8,33,46,35,8,46,43,26,42,36,27,18,29,41,13,8,12,36,0,40,2,5,8,8,8,2,31,24,27,39,19,6,35,35,19,2,8,33,13,38,40,33,40,35,2,22,34,21,29,8,36,33,0,42,33,41,26,27,12,12,16,8,12,31,21,2,2,2,21,35,38,34,40,12,18,16,18,32,36,33,8,15,42,32,29,18,8,12,2,13,36,35,33,13,40,42,40,46,0,12,40,23,21,42,24,42,42,12,6,19,29,38,33,41,8,24,12,38,33,33,18,10,34,16,33,26,33,42,39,31,8,21,15,40,8,24,15,26,34,31,8,34,38,41,33,26,41,6,46,36,10,24,29,0,35,2,13,42,10,42,35,13,2,44,42,35,31,23,35,22,5,2,29,43,8,35,27,29,20,12,0,16,23,35,33,24,4,34,33,27,24,5,38,0,23,15,41,12,23,42,33,32,27,29,12,8,21,27,33,35,38,6,19,38,12,0,32,31,19,27,46,42,26,26,34,33,21,19,44,12,40,27,12,42,33,33,12,46,38,2,33,10,0,44,12,27,40,39,41,19,32,19,35,38,6,24,26,27,16,10,2,44,46,8,0,24,44,26,12,21,35,29,5,29,10,18,2,0,46,31,36,38,35,8,21,40,38,0,19,23,33,29,18,38,41,42,27,38,42,0,38,35,33,8,26,27,2,27,33,35,33,16,22,18,22,35,35,8,35,35,36,23,12,27,46,40,42,27,39,44,35,39,6,44,33,33,40,41,27,22,8,6,34,22,40,38,12,36,42,22,32,2,12,38,12,40,36,40,33,33,10,33,42,35,16,29,0,42,42,46,34,8,29,28,42,5,2,38,12,38,42,0,26,16,27,2,2,0,8,16,40,4,18,22,38,26,40,35,42,6,27,46,0,32,35,10,23,5,43,27,0,32,12,47,33,16,35,35,42,35,24,8,33,46,6,8,21,0,27,22,40,41,33,16,12,33,33,39,35,23,39,42,22,40,12,33,39,23,2,38,0,0,12,21,12,16,27,16,0,10,34,27,29,34,6,29,4,40,33,8,15,12,33,2,21,38,22,5,29,43,10,33,44,34,46,12,10,10,46,10,29,2,6,8,34,26,2,23,38,34,23,22,26,41,10,42,8,22,35,27,33,24,6,33,5,2,31,38,0,34,2,31,27,23,38,5,0,13,38,35,21,8,0,24,2,15,0,2,0,27,42,0,10,42,40,29,35,15,42,40,27,36,42,35,12,23,12,44,34,42,40,19,8,24,38,19,21,12,41,12,29,31,22,46,33,46,27,33,16,46,27,24,27,0,10,12,2,41
12,Solstice Tide,Asian,29,38,27,26,36,40,15,40,40,46,22,46,46,33,40,34,42,15,33,24,12,10,12,29,2,42,35,29,29,33,29,33,33,27,10,27,16,0,2,12,40,14,21,24,44,42,18,15,33,22,42,22,40,24,33,2,14,22,35,27,16,27,0,29,33,35,0,14,35,33,40,0,40,41,29,8,39,42,24,18,29,21,6,33,35,33,2,33,14,27,38,33,16,33,26,46,6,40,38,44,29,23,8,41,36,38,35,29,24,40,33,2,19,42,2,24,19,35,15,15,42,35,0,23,8,34,12,33,33,26,10,6,0,12,42,2,38,8,24,14,33,2,10,5,27,29,18,14,12,42,1,2,27,2,16,40,23,39,33,38,29,33,29,12,34,32,27,13,44,31,23,33,40,6,8,14,5,35,42,23,29,29,1,33,33,2,40,22,2,46,29,6,31,16,29,15,32,0,40,8,14,14,27,29,21,19,42,10,33,42,31,12,35,27,38,35,41,12,35,29,1,1,44,1,32,13,40,10,31,12,23,19,36,31,2,42,29,46,10,29,40,10,21,14,1,2,16,41,38,26,35,44,40,41,4,15,33,46,12,34,42,35,33,33,12,2,33,29,19,22,46,6,33,1,42,31,22,2,33,21,0,2,21,29,44,0,41,32,18,42,22,16,33,1,10,16,42,14,34,34,2,27,36,18,26,35,29,31,31,38,12,35,29,0,1,39,0,38,38,35,27,14,18,29,0,46,31,2,21,0,18,35,27,29,42,8,18,38,2,40,14,33,2,24,39,40,12,10,43,33,35,38,2,40,14,27,19,38,14,19,10,2,14,29,42,33,31,33,6,5,24,38,29,19,16,23,8,12,46,33,16,41,29,38,0,38,38,29,12,35,20,42,46,33,19,31,8,35,35,40,2,42,35,41,22,8,40,6,12,12,14,29,34,29,22,27,2,35,44,31,38,29,40,40,40,33,35,23,27,42,13,14,33,12,33,2,39,34,19,35,29,23,27,21,27,29,33,6,2,38,16,35,33,14,18,46,38,8,8,43,32,40,42,14,2,27,27,33,38,38,8,33,46,2,29,2,0,1,29,29,33,33,27,8,26,8,2,5,1,27,42,46,23,5,29,0,36,46,21,41,34,42,29,38,29,40,1,14,1,5,12,19,38,29,31,27,46,40,38,40,1,38,27,14,12,6,0,46,0,40,19,29,24,38,29,6,16,24,8,8,8,24,23,38,10,27,29,18,16,2,0,35,2,33,16,35,38,35,16,22,21,16,6,2,19,42,15,23,35,40,0,19,18,42,39,5,19,21,12,19,26,40,33,21,22,1,0,42,10,33,42,35,12,15,42,40,14,33,29,2,15,38,16,33,19,8,0,16,35,44,29,32,12,29,29,27,35,39,14,14,29,33,29,35,36,31,2,10,14,22,20,29,16,29,2,40,39,41,23,27,10,26,33,14,2,40,29,36,8,40,10,4,0,29,10,46,40,33,33,2,2,42,27,12,41,41,22,33,18,42,41,35,8,38,21,23,34,18,2,35,42,31,38,12,2,38,29,12,34,8,34,29,29,12,12,2,26,35,19,23,13,12,8,19,5,12,18,27,32,19,38,2,19,38,1,29,16,38,33,23,2,46,22,33,44,22,46,40,42,34,40,27,33,0,22,40,40,33,27,12,33,18,33,2,44,12,14,23,35,16,40,35,2,44,2,33,18,40,40,38,10,40,23,39,2,1,2,38,38,33,29,14,2,42,36,29,40,19,29,14,35,8,2,22,46,29,35,10,23,29,0,40,33,31,12,29,38,8,29,29,33,42,33,2,35,31,40,29,35,27,36,2,0,21,40,19,38,14,0,33,1,33,35,27,2,34,29,18,10,12,27,40,35,29,2,1,1,29,12,39,19,46,42,18,2,35,2,35,38,2,22,33,2,12,44,14,23,27,29,34,34,29,23,39,2,2,6,12,38,18,14,41,29,33,42,2,40,42,34,27,27,22,43,32,29,8,35,36,46,31,26,29,42,8,18,23,38,19,33,35,38,12,38,22,10,12,29,35,1,33,35,8,8,24,31,35,19,40,21,16,18,42,1,2,35,38,46,24,42,40,39,0,35,1,19,2,41,33,34,42,27,10,46,23,21,46,41,31,12,0,47,40,33,12,0,33,14,0,29,1,14,38,40,23,27,6,23,12,38,12,4,38,42,8,34,2,15,10,0,21,15,2,19,29,41,31,29,40,42,19,21,26,35,43,19,8,23,0,21,18
13,Infinite Path,Hispanic,35,35,42,33,26,25,25,12,42,26,38,2,26,29,19,2,14,1,34,2,2,23,8,0,0,29,29,33,33,38,34,32,26,12,12,33,10,23,45,42,44,42,2,43,33,29,38,46,25,6,33,23,29,25,26,25,42,35,25,14,12,26,8,10,19,33,29,26,29,42,29,12,33,12,2,45,29,27,43,29,45,16,38,5,40,15,0,0,33,16,0,2,2,21,5,6,46,26,42,5,45,33,29,2,38,6,14,10,16,2,31,8,35,35,6,40,35,12,26,43,19,13,29,29,34,8,29,19,29,38,40,12,33,33,38,12,40,29,21,26,40,35,38,15,29,23,31,12,29,38,6,29,26,29,26,27,8,45,2,25,2,8,23,0,2,26,33,35,16,41,29,38,33,43,29,38,6,29,29,2,12,38,16,1,21,33,38,12,21,33,45,25,18,33,35,44,40,8,35,2,31,26,40,0,15,12,32,29,14,35,27,16,20,29,42,15,2,8,10,10,44,38,35,18,33,10,23,35,35,29,12,42,27,13,33,35,25,31,14,14,26,21,22,35,22,45,38,10,1,38,29,10,10,5,0,25,40,5,38,29,19,40,38,23,29,35,10,14,40,45,44,2,26,35,14,46,1,29,10,29,33,45,22,0,21,2,18,42,38,33,38,26,8,33,23,43,40,38,33,8,23,35,40,41,25,42,34,26,35,27,0,13,33,2,2,34,40,33,46,6,32,29,46,12,34,1,16,21,29,35,29,0,29,14,35,2,5,33,40,35,33,26,45,26,8,29,8,8,33,38,16,26,12,21,33,35,27,22,27,38,29,1,38,14,16,29,25,23,43,35,16,29,6,40,10,39,47,44,25,45,6,6,0,42,33,26,27,33,42,32,35,26,24,42,27,2,2,29,38,26,1,35,2,44,35,0,13,1,26,28,38,23,29,26,10,40,23,6,2,25,33,40,14,25,38,21,29,45,19,35,35,29,46,25,45,12,29,0,33,1,33,45,20,2,33,26,29,33,34,14,35,25,15,27,6,16,6,34,2,22,14,42,19,26,23,40,10,22,29,14,2,19,44,23,0,6,45,5,0,8,40,10,33,29,2,2,16,21,33,29,29,0,29,38,23,38,42,33,45,33,0,40,40,12,12,20,35,27,31,6,33,42,35,33,46,14,16,27,27,27,16,14,42,31,0,10,21,5,2,5,26,42,35,42,8,26,5,18,47,35,45,35,2,25,12,33,34,2,18,35,33,33,29,8,33,25,16,5,43,5,38,14,18,22,33,29,22,0,12,35,28,26,5,35,45,29,12,41,18,27,24,33,15,22,18,46,39,40,33,27,0,43,29,31,27,19,27,31,0,39,5,40,2,12,42,12,12,31,29,26,21,33,45,14,33,33,42,29,26,35,42,19,21,38,38,5,0,27,27,33,31,35,33,27,16,18,0,43,33,40,1,22,38,19,29,35,2,38,0,26,41,23,6,38,29,41,42,26,35,23,15,2,35,40,2,44,46,15,41,38,15,12,0,1,40,2,45,33,25,38,23,41,14,26,31,26,33,44,46,29,0,33,38,14,29,23,22,19,42,45,27,33,10,42,40,18,10,33,42,33,14,8,33,21,35,2,33,40,29,38,8,26,47,14,16,2,6,29,29,45,20,29,38,8,33,35,16,26,13,2,8,1,16,29,33,22,35,8,33,1,42,43,45,26,12,16,25,19,13,33,38,33,42,34,29,12,8,27,0,35,14,19,12,40,33,16,46,40,2,29,13,29,23,23,10,12,21,1,29,14,39,33,19,35,16,26,0,45,33,21,34,27,38,0,2,15,29,16,42,40,26,40,35,44,19,40,22,32,2,22,29,35,29,38,0,23,26,33,42,46,33,29,46,45,8,31,46,45,45,2,29,16,12,1,29,44,23,2,26,8,12,27,10,27,33,29,45,38,8,0,4,14,4,8,0,29,1,27,14,25,33,1,12,14,23,8,5,32,0,29,26,23,2,40,26,33,18,19,29,25,35,1,27,34,24,8,43,40,14,1,31,0,33,0,22,23,8,33,33,21,33,29,45,2,10,38,42,35,45,40,26,33,21,1,40,27,12,1,38,14,2,23,25,25,14,8,22,38,45,27,14,15,24,29,8,18,18,21,45,8,8,29,38,42,12,36,42,19,27,16,35,29,35,35,40,18,2,45,29,33,8,0,29,0,33,38,29,14,33,27,18,34,35,10,24,6,6,24,29,29,41,1,29,40,20,29,0,8,10,29
14,Radiant Forge,White,32,14,16,21,33,33,26,42,29,16,18,45,41,14,29,8,31,2,8,18,13,45,29,33,32,33,14,38,8,15,2,38,14,40,35,14,2,21,8,40,41,36,1,14,22,40,31,18,40,26,14,29,27,16,40,22,38,15,40,38,27,38,32,33,14,38,28,33,42,14,38,45,29,14,6,0,8,14,16,46,2,35,43,1,29,5,8,45,10,40,40,8,1,14,25,10,26,6,29,25,0,34,39,40,26,22,36,22,25,46,16,32,14,27,38,35,12,42,38,14,0,29,8,45,12,0,8,40,40,2,33,8,29,14,33,0,24,32,14,29,14,16,14,35,14,45,2,6,32,23,2,26,33,33,2,26,45,29,34,22,12,29,2,45,12,42,29,21,46,10,12,36,6,1,12,19,16,16,21,45,23,26,35,46,12,38,31,44,12,18,2,18,12,14,2,1,29,29,6,45,38,32,29,2,26,42,6,35,29,27,13,42,0,12,29,25,35,32,33,45,35,14,33,29,40,27,29,38,38,0,2,6,14,42,12,40,41,38,19,32,38,2,41,26,33,32,21,26,25,1,42,15,38,18,34,22,42,26,35,45,35,27,27,45,23,12,14,26,12,0,14,12,19,26,33,18,12,45,26,2,32,12,33,8,10,39,25,40,15,29,1,14,2,31,8,46,19,33,39,39,0,38,29,26,22,29,12,35,2,35,2,23,42,8,14,45,19,40,26,46,26,26,33,23,45,14,26,45,0,38,24,27,26,26,12,34,38,29,33,21,38,14,8,22,29,13,32,29,14,26,25,33,14,35,38,20,26,29,29,26,42,35,26,40,26,42,43,27,12,2,25,26,16,29,13,2,0,33,22,23,2,25,21,29,8,33,42,32,35,33,29,40,21,6,35,22,32,33,26,35,35,26,42,33,24,45,38,44,6,29,26,0,45,19,6,38,45,31,1,35,29,21,26,31,33,35,38,0,40,38,32,16,35,16,29,0,34,23,26,26,6,32,0,8,16,36,26,14,12,29,31,46,22,26,16,33,24,29,45,25,33,38,38,38,45,20,40,1,14,33,32,14,2,29,45,5,12,14,28,45,14,29,6,32,10,0,35,2,31,42,26,8,0,14,6,29,27,35,28,18,8,2,14,33,22,35,24,33,14,2,2,40,14,10,35,38,14,26,19,19,26,42,26,33,32,2,45,10,8,35,40,14,14,6,32,25,2,2,45,12,29,1,45,46,26,38,45,38,35,16,12,29,23,0,23,18,19,38,25,26,22,35,2,33,16,38,25,32,42,29,2,14,16,27,0,6,13,38,35,40,22,1,2,29,25,26,12,6,38,40,29,16,2,22,6,2,42,1,2,12,18,6,14,35,26,32,34,44,14,33,8,14,0,40,38,26,32,23,42,38,27,6,2,29,40,18,8,29,40,46,38,14,12,12,35,14,12,46,29,35,25,33,35,33,45,14,23,10,23,15,33,0,8,26,2,31,32,40,6,10,22,40,12,27,44,29,38,44,2,6,2,29,29,12,18,32,29,41,46,16,40,43,29,14,46,42,14,25,29,23,8,42,33,10,40,4,33,26,27,12,40,8,0,33,14,44,14,10,6,14,19,10,14,42,14,0,43,14,34,40,0,24,8,38,2,26,35,42,0,0,38,31,26,12,35,0,18,21,35,29,2,33,12,8,15,15,26,0,29,43,12,33,0,35,8,2,21,33,35,40,33,12,33,8,21,24,0,6,33,42,42,40,0,26,38,0,38,26,28,26,0,33,29,0,1,45,33,15,32,35,21,6,26,40,18,6,33,22,12,12,32,26,36,45,21,14,26,33,33,6,33,18,2,40,42,27,2,42,28,18,31,29,16,6,29,8,27,5,33,10,40,33,6,2,45,2,44,32,8,23,38,14,6,35,32,29,0,5,14,12,25,29,33,29,18,42,0,29,23,45,8,33,34,23,29,0,22,19,33,14,38,2,8,40,32,29,1,6,45,33,14,2,35,35,14,12,29,6,5,1,16,21,40,32,14,12,16,13,26,18,2,39,27,23,46,33,32,22,46,2,40,0,29,33,24,26,38,14,29,18,22,29,43,18,33,26,33,18,27,35,8,29,14,38,38,29,21,2,8,12,29,14,33,12,29,35,35,26,2,23,23,14,40,27,29,38,33,27,33,31,21,33,0,26,38,12,0,0,46,14,45,40,27,40,0,43,35,38,8,35,38,29,38,36,29,14,25,38,40,36,33,43,40,15,31,46,45,32,0,25
3,Velocity Pulse,Native,6,29,26,10,47,44,47,19,14,25,10,8,35,38,16,32,47,35,0,6,29,32,0,45,8,26,38,41,32,35,45,29,10,36,29,32,24,8,29,33,33,6,46,33,18,33,29,22,2,25,47,45,35,26,29,14,35,47,46,42,33,35,45,14,6,26,8,27,38,26,27,32,14,40,45,12,45,40,14,16,0,26,46,18,42,6,29,8,27,13,33,23,38,6,43,14,22,29,26,22,39,0,32,33,19,29,42,33,1,18,12,23,26,19,14,47,40,29,18,16,29,27,32,33,37,37,45,42,38,16,27,0,8,31,6,37,25,12,47,6,6,27,1,16,19,32,38,42,37,40,38,33,10,32,25,19,34,0,37,21,0,0,10,29,37,29,26,27,14,25,4,14,14,12,33,42,38,19,27,0,8,32,33,47,18,5,14,26,33,14,37,31,38,29,1,22,14,45,33,12,47,33,38,32,44,40,47,12,38,40,33,35,27,35,35,41,25,0,24,8,29,2,22,5,14,35,38,6,16,32,45,47,33,38,32,38,2,24,33,47,29,35,18,33,26,29,1,38,14,47,26,33,14,47,29,14,26,33,47,23,14,38,35,0,0,32,26,38,14,32,25,18,40,25,29,16,26,0,25,37,45,0,38,2,18,8,31,47,21,14,25,6,29,47,29,26,29,47,29,0,29,31,33,15,16,26,8,2,46,33,45,33,47,32,16,32,14,32,18,40,47,42,2,8,37,16,35,0,27,33,43,42,40,33,33,32,22,47,25,0,26,38,32,16,2,27,2,0,1,2,5,40,40,25,47,36,35,44,47,33,38,12,47,42,14,26,46,40,22,47,38,33,1,35,27,8,45,35,44,29,24,40,39,26,45,14,35,38,29,47,40,14,14,19,14,12,29,40,47,38,16,47,38,16,25,12,0,38,40,45,42,32,23,42,25,2,34,29,33,18,27,26,33,2,26,18,12,29,35,14,12,27,47,38,0,45,45,32,42,47,14,29,29,0,38,38,35,16,45,42,33,16,18,42,35,14,16,12,32,1,38,35,33,6,12,29,14,40,18,29,34,26,22,45,2,29,32,38,37,34,38,27,26,37,33,10,43,18,43,6,6,29,2,25,14,26,38,22,29,15,32,19,26,6,15,27,6,19,33,18,8,13,29,0,38,0,38,33,29,0,10,29,14,6,37,26,37,16,29,12,6,27,44,33,45,38,25,1,29,13,2,10,37,14,33,29,12,1,2,31,8,38,32,37,42,2,29,25,35,38,18,47,22,18,47,33,26,45,38,0,29,12,12,23,29,33,33,5,2,12,5,16,1,15,33,12,34,38,26,47,19,2,8,21,33,38,0,14,8,32,2,10,1,21,6,2,8,2,1,47,45,19,29,33,42,42,21,34,29,6,14,38,18,44,26,14,21,42,47,40,29,33,47,14,25,33,37,31,45,16,14,6,47,26,32,33,37,47,45,35,1,8,32,33,23,25,19,6,26,8,26,21,42,33,15,33,14,21,35,33,38,42,10,33,43,29,8,1,15,2,29,15,42,38,35,14,27,21,45,32,37,38,47,32,27,0,38,33,23,8,33,0,37,47,43,35,31,29,26,32,33,34,6,29,43,23,14,42,0,14,37,31,45,29,26,35,26,16,27,47,36,47,14,2,18,19,41,14,8,40,29,29,1,0,22,43,6,45,14,2,38,18,34,46,0,10,1,29,29,14,29,2,6,0,32,18,45,47,14,27,27,26,32,21,6,27,35,14,37,33,38,34,32,32,35,0,6,22,28,47,45,27,6,29,44,47,26,0,8,37,37,40,6,29,33,25,14,14,47,29,14,35,19,25,29,42,6,33,45,47,14,6,38,33,34,29,40,22,26,22,47,26,2,12,37,22,25,33,0,32,14,38,38,33,12,46,32,22,36,28,2,38,45,33,25,47,32,14,45,2,32,19,45,32,8,37,38,33,6,6,47,16,32,42,33,45,18,14,37,42,40,28,24,27,40,0,1,32,35,43,6,22,20,45,6,45,25,16,29,38,26,32,40,37,18,29,0,2,12,29,18,32,0,31,5,46,33,26,12,46,24,32,35,33,22,14,25,10,14,6,10,45,47,47,33,45,31,6,32,21,6,2,2,45,45,2,1,35,8,45,29,47,27,33,32,14,47,40,40,18,6,19,29,33,47,44,45,2,22,5,32,6,26,33,32,46,31,6,45,31,24,37,27,47,33,47,5,18,35,27,22,35,12,12,33,12,8,23,45,1
16,Nexus Eclipse,White,41,6,33,47,42,26,35,29,41,22,6,29,40,19,10,29,26,48,45,25,35,29,32,34,29,6,33,1,37,18,9,27,12,29,42,42,18,45,10,38,14,47,22,25,2,32,6,44,48,1,40,39,32,18,47,33,26,18,18,26,14,40,12,6,36,40,45,38,47,40,47,8,35,2,9,9,21,12,2,47,22,41,12,43,33,47,32,9,47,38,42,45,35,22,35,44,38,41,6,31,33,37,0,16,14,18,38,12,18,47,40,37,42,20,18,1,33,40,41,44,40,12,47,32,0,9,0,38,26,48,26,29,12,22,29,45,14,45,2,38,16,33,33,14,38,0,10,41,0,14,15,47,14,45,29,41,32,32,9,18,37,32,0,2,29,47,6,0,41,43,45,40,47,41,45,26,48,14,38,29,45,27,25,29,24,41,12,48,29,1,32,47,46,38,48,2,38,39,26,29,33,6,33,45,16,29,36,41,6,12,10,29,29,33,14,16,46,37,18,0,2,16,2,38,27,38,41,47,14,45,32,41,6,29,45,26,22,33,26,16,33,14,12,47,38,12,31,29,29,25,14,1,35,10,45,26,47,44,6,8,47,16,14,29,45,40,41,47,27,9,1,10,6,6,41,2,40,37,2,32,12,32,31,21,2,45,14,6,46,35,2,33,9,24,45,2,33,19,45,9,37,14,26,48,46,14,32,18,21,6,29,19,32,12,18,37,33,47,48,2,33,27,29,0,29,22,1,37,33,27,22,33,38,31,21,45,2,41,31,33,6,40,37,48,0,42,45,23,41,24,18,14,24,16,40,33,47,6,6,6,26,33,41,6,33,47,1,26,14,25,46,18,10,38,33,37,32,1,1,8,41,47,45,35,29,47,6,14,13,26,27,41,26,38,6,24,23,26,14,47,25,6,29,38,38,32,29,22,36,0,40,21,32,27,33,29,29,18,35,22,26,38,10,38,6,12,0,12,0,41,42,26,48,15,21,29,2,8,41,2,26,37,38,37,14,6,47,47,9,27,20,14,24,41,15,29,1,2,29,38,12,19,26,29,9,38,41,48,2,42,0,41,1,9,37,33,37,46,45,39,26,38,16,45,16,37,33,41,38,33,21,23,9,43,27,14,33,25,34,46,23,14,47,18,18,29,22,38,21,22,37,29,47,32,12,33,47,36,6,33,2,33,6,41,29,22,9,40,32,18,42,41,1,47,0,29,44,33,32,29,12,25,9,22,18,26,37,26,46,25,45,44,37,45,14,14,10,22,38,29,1,41,33,21,38,41,2,8,33,14,37,29,26,40,37,35,40,33,25,35,48,47,35,41,35,16,9,27,41,41,14,38,45,29,47,12,40,26,45,29,22,14,21,25,41,34,29,47,48,38,0,38,2,26,40,47,29,37,6,41,19,42,22,15,29,15,29,35,26,2,0,32,38,6,40,1,29,10,0,13,26,40,6,47,10,19,45,42,29,41,31,32,29,47,9,14,35,42,27,29,43,12,40,29,25,18,35,10,25,41,14,14,45,35,14,0,2,2,38,47,27,40,33,47,1,40,38,22,8,12,29,27,14,33,13,32,35,47,6,37,14,32,21,14,22,5,38,47,14,26,41,45,29,14,12,45,47,47,32,33,9,1,32,31,25,43,24,32,40,9,16,6,29,45,41,20,44,6,29,19,32,6,48,4,38,1,36,32,41,12,29,2,9,41,45,48,6,41,36,29,47,24,14,9,8,31,29,33,10,29,31,29,29,14,14,33,22,38,9,47,40,45,8,29,26,2,26,18,8,42,37,42,29,33,25,40,42,37,0,45,45,14,29,32,44,29,46,1,6,14,29,22,14,22,14,35,25,6,9,25,47,14,40,42,37,0,32,24,6,25,14,6,25,33,0,26,35,2,37,8,47,41,33,48,37,14,9,38,47,45,21,47,32,38,2,26,2,40,2,9,9,32,37,12,39,12,25,40,42,1,27,43,0,6,38,37,44,41,9,47,32,9,41,29,6,45,22,26,48,18,1,46,33,12,38,32,48,33,38,48,33,9,6,8,14,45,21,10,18,32,44,45,12,5,1,33,26,47,32,2,5,6,6,22,24,47,1,16,26,26,32,37,1,44,40,12,40,48,37,35,41,33,1,2,2,48,12,29,23,37,37,41,14,38,45,29,38,26,12,14,26,27,14,47,35,2,32,29,35,18,37,33,38,42,29,14,26,33,9,40,5,9,33,41,48,2,24,47,13,47,38,21,16,48,14,45,29,39,9,33
17,Solar Bloom,Hispanic,42,40,48,18,14,38,16,33,35,14,2,32,18,26,13,40,6,14,29,33,38,9,37,40,45,27,48,18,40,25,37,48,27,19,40,26,44,32,37,14,0,29,14,10,15,6,0,38,6,18,26,0,14,31,48,1,33,2,14,33,38,41,37,19,47,41,32,6,14,32,6,2,36,22,32,37,32,26,15,2,32,47,18,40,12,2,45,32,38,20,47,40,26,25,48,1,25,14,10,47,40,45,37,48,6,1,29,0,41,12,24,45,27,29,40,48,26,38,25,26,14,38,37,34,32,2,2,48,47,31,41,45,37,25,41,9,41,2,48,33,47,0,25,10,47,12,40,33,21,26,35,14,41,37,18,47,0,34,29,14,32,37,9,23,9,48,47,29,5,2,37,48,29,38,9,33,35,17,40,8,0,14,47,2,1,1,10,29,35,10,39,5,0,41,25,46,41,12,48,32,27,48,35,37,24,27,48,6,26,14,35,13,38,16,47,38,38,23,2,32,33,35,1,22,42,17,48,14,41,47,9,33,48,17,40,48,31,5,47,26,14,24,1,38,2,34,29,47,47,46,47,0,6,38,8,47,6,18,2,32,29,12,26,8,9,38,6,6,38,8,10,25,35,21,26,15,25,8,48,0,37,9,44,37,14,29,16,48,47,27,18,47,40,5,40,15,16,6,32,37,9,33,14,10,24,47,0,16,14,26,9,17,14,9,22,0,26,19,2,1,6,33,38,45,33,41,29,8,35,42,14,14,6,41,17,12,14,48,0,20,36,6,29,47,37,33,37,32,6,5,22,48,22,6,26,38,14,18,41,35,41,31,6,26,6,27,0,6,1,0,2,12,48,6,29,40,12,41,15,32,33,35,10,41,37,41,14,41,14,6,14,6,18,29,41,1,0,48,19,14,38,48,40,2,26,37,14,0,14,32,27,9,0,14,47,19,37,33,16,38,23,14,47,47,42,38,40,37,38,33,38,38,18,22,32,21,0,29,14,18,47,9,12,32,47,41,6,24,32,26,14,10,25,47,47,47,12,32,23,47,35,12,48,32,32,33,26,29,0,23,9,29,14,37,23,16,2,12,23,32,47,6,14,40,46,29,14,14,15,26,48,37,10,10,26,6,14,40,9,43,45,29,38,2,0,17,18,6,22,35,45,27,41,37,14,48,1,14,41,29,35,6,47,29,40,31,32,22,34,47,47,48,48,26,12,14,35,14,37,33,9,14,29,15,2,14,2,35,48,18,32,5,10,40,26,26,41,47,15,0,47,48,24,48,48,47,1,40,29,33,45,6,25,14,8,31,29,2,1,42,29,6,31,46,0,2,45,26,47,14,40,24,9,35,14,36,6,2,37,37,0,41,35,1,47,29,40,35,25,16,40,26,32,38,47,38,17,32,47,31,32,48,14,31,48,44,45,17,33,43,17,42,44,41,22,47,32,16,32,29,35,1,14,40,37,26,8,29,37,12,14,37,37,14,37,38,27,41,42,45,35,33,0,2,38,0,1,48,40,26,35,27,12,6,16,34,9,47,6,10,17,1,6,41,47,47,26,48,0,40,45,6,26,40,14,9,2,48,14,2,42,29,45,41,46,1,35,16,38,23,6,32,26,47,6,32,35,41,45,26,45,0,37,35,47,16,12,14,14,40,42,26,42,29,38,29,22,48,40,14,40,35,26,32,2,35,47,9,42,38,33,16,29,18,29,6,14,48,33,42,6,47,16,29,45,35,40,29,6,26,6,12,8,29,40,41,47,27,12,21,29,12,45,9,24,32,40,48,45,6,9,14,41,38,35,14,47,47,37,8,23,33,0,9,16,5,47,24,26,26,47,26,33,35,17,17,1,19,8,46,22,38,19,41,9,40,48,47,41,47,26,41,18,4,23,47,10,9,32,40,33,35,41,16,8,48,8,41,32,32,38,26,8,41,35,38,29,26,0,29,29,12,40,40,32,40,0,29,40,2,36,47,37,26,26,0,35,33,29,38,42,45,26,20,42,37,33,33,26,48,47,47,29,0,33,9,14,29,27,5,48,8,48,45,43,9,9,14,0,8,48,37,40,38,22,14,14,33,2,33,16,26,48,46,47,40,26,38,47,29,45,40,31,35,6,0,16,46,12,38,12,22,40,32,6,16,6,2,29,40,45,33,35,6,37,41,6,14,6,25,38,47,6,41,33,22,8,8,1,43,29,29,14,14,23,10,18,42,23,32,46,45,47,38,18,33,0,33,12,40,48,2,38,18,38,21,9,45,29,38
18,Titan Quest,White,33,47,47,23,41,16,33,27,1,33,0,0,2,27,27,23,16,41,37,14,40,37,33,8,40,14,26,35,34,47,30,14,1,38,6,29,25,29,40,29,22,26,0,23,26,41,21,43,46,2,41,40,17,33,14,46,6,25,1,29,13,29,29,48,26,47,23,48,26,29,48,9,26,26,37,40,37,48,31,41,9,38,48,38,38,0,33,29,40,35,26,9,22,38,14,35,31,42,47,48,37,32,40,25,47,21,26,16,38,0,23,0,6,33,0,2,48,33,46,18,38,17,30,8,29,40,37,41,16,21,6,30,32,1,48,8,21,9,26,40,29,17,43,2,1,8,25,1,30,6,23,25,29,9,14,33,29,37,32,2,40,40,45,32,32,38,32,6,25,14,6,6,1,35,40,10,14,38,14,32,9,1,48,23,2,15,18,0,40,26,8,22,40,26,31,16,6,9,32,40,6,1,17,9,2,35,29,1,47,17,14,17,17,42,1,31,48,29,1,2,46,40,25,0,48,14,14,26,0,8,30,14,26,14,37,6,26,1,41,48,47,23,2,27,41,40,41,35,18,14,27,46,48,23,40,0,38,0,26,0,33,14,6,40,32,33,47,10,41,40,2,26,1,16,47,10,24,33,44,45,39,40,29,40,26,37,1,41,2,41,47,38,37,29,30,47,35,48,9,32,30,1,1,47,21,33,45,41,33,47,32,14,38,30,47,8,41,14,23,38,38,38,16,32,32,6,47,29,6,29,41,38,33,35,6,30,24,14,46,27,47,48,0,18,30,19,9,45,18,0,2,47,41,18,6,29,21,2,38,29,33,22,42,41,47,14,44,1,2,1,0,24,14,48,14,29,29,43,5,39,35,48,40,33,40,29,26,47,40,14,12,35,2,26,48,18,45,47,6,48,21,36,17,35,10,34,33,2,38,9,6,2,40,47,2,32,30,40,31,14,47,47,48,23,14,0,33,40,6,1,40,41,38,10,22,9,40,45,48,41,41,0,40,30,6,47,14,40,40,48,40,23,0,6,2,38,25,9,40,33,6,6,14,48,37,14,38,18,48,48,40,40,43,32,8,41,30,33,30,9,23,47,40,30,1,32,22,0,23,38,41,32,32,6,38,40,1,29,32,38,29,31,41,31,1,6,5,29,44,40,9,35,33,8,2,41,48,1,26,35,22,26,36,26,45,47,40,1,37,25,48,26,2,14,21,40,10,22,0,0,32,23,0,26,48,6,10,31,38,23,9,18,45,32,1,16,14,2,47,48,24,6,38,44,1,14,0,37,19,38,40,47,2,38,12,26,14,1,38,17,1,29,21,38,46,0,40,14,14,48,27,18,33,38,41,17,26,6,32,30,35,47,0,16,48,37,9,0,0,29,37,48,8,41,1,1,38,9,33,26,26,14,47,22,47,23,32,12,6,25,40,1,0,26,38,2,8,14,37,12,0,38,48,29,8,29,40,41,32,38,0,29,45,31,45,23,14,38,14,37,14,17,29,35,14,14,48,26,1,29,18,33,37,14,47,9,32,22,23,25,19,22,1,42,44,36,35,1,40,2,32,1,40,47,21,29,0,29,26,40,17,45,30,26,25,2,48,26,31,47,47,29,32,33,18,9,31,26,8,42,40,14,9,48,15,25,47,27,33,37,19,1,40,40,25,13,2,27,38,33,45,25,22,37,35,38,42,12,6,26,8,46,40,29,9,1,2,14,14,6,48,23,38,37,34,48,32,35,1,14,41,32,40,41,1,6,2,33,32,38,19,37,0,37,47,37,38,41,30,1,29,26,48,6,23,33,29,30,32,9,29,29,47,37,22,38,33,38,38,47,41,43,6,38,6,33,24,48,29,23,33,47,2,12,8,32,6,0,47,16,48,27,48,32,40,18,48,21,9,29,26,23,48,44,40,43,29,47,41,37,10,41,29,47,47,6,40,1,9,30,37,41,9,29,45,9,23,38,48,43,26,48,2,29,48,30,47,38,40,48,6,32,46,14,1,29,26,14,2,33,18,0,19,29,41,37,29,35,41,29,0,40,41,40,5,30,37,1,38,45,26,23,33,46,18,22,41,48,9,1,38,40,22,38,25,29,18,35,1,41,29,2,5,10,26,9,46,23,2,33,26,46,41,37,30,47,38,44,40,28,40,6,6,48,9,47,48,33,1,35,48,26,48,48,14,16,29,32,16,48,12,26,6,29,37,18,14,47,37,14,16,32,1,1,26,1,43,48,14,26,43,16,36,35,35,37,33,37,37,0
19,Vortex Key,Black,47,26,2,2,38,0,10,38,47,47,1,30,31,1,17,9,40,22,32,31,14,30,30,37,30,38,42,0,12,29,12,1,48,33,33,47,47,9,23,0,38,38,38,2,38,47,16,1,24,47,2,37,38,35,42,24,41,46,42,2,6,1,40,26,42,1,7,42,6,41,2,40,41,35,40,29,0,6,22,22,30,25,0,35,19,1,9,7,48,14,6,30,21,16,46,18,2,2,33,33,30,7,45,43,42,2,47,25,2,14,48,9,33,14,26,25,14,14,14,2,27,6,9,40,45,32,32,1,2,23,14,32,9,6,14,30,47,40,41,47,26,29,2,44,2,9,24,19,40,33,25,23,42,7,48,1,9,9,40,46,45,34,37,30,45,2,2,14,29,0,7,1,26,14,30,41,46,33,33,9,30,47,2,16,25,35,47,18,38,38,30,26,42,42,42,10,2,37,14,9,2,29,14,12,38,48,38,47,41,6,48,38,14,6,6,22,26,45,0,37,23,26,6,26,47,33,1,2,15,37,8,32,38,40,8,47,35,29,6,41,1,0,46,29,48,37,48,6,0,48,6,2,29,14,9,40,14,48,43,9,48,29,48,9,30,48,48,33,2,34,31,47,47,2,0,43,14,30,1,9,40,29,48,32,33,9,2,33,1,47,29,42,45,41,0,38,48,42,7,45,45,41,2,16,15,48,9,1,25,32,30,40,26,40,43,30,48,2,1,5,2,47,42,37,23,48,33,32,12,40,2,29,47,1,48,29,25,1,22,6,42,27,12,33,9,38,33,40,23,22,14,42,38,29,48,40,1,43,33,2,2,44,1,47,2,1,48,42,46,43,14,15,47,47,48,32,30,2,2,30,44,23,9,14,21,1,29,26,48,41,33,47,22,14,26,38,37,1,2,41,47,1,6,48,1,30,48,18,48,40,47,37,37,41,1,33,12,48,23,23,1,6,41,14,47,47,27,9,48,2,33,6,1,46,7,37,32,37,6,0,40,8,17,40,26,33,0,38,7,1,29,48,16,1,0,25,14,37,37,48,41,33,1,41,29,48,48,47,24,47,30,6,41,40,9,48,29,25,32,30,48,14,48,9,38,9,21,1,44,14,33,45,40,23,33,33,26,43,7,0,40,38,12,22,2,33,25,26,29,33,30,14,1,45,25,6,42,29,47,17,25,47,41,48,2,16,33,47,9,23,41,2,38,29,9,42,23,48,30,48,37,16,30,42,47,47,32,46,25,15,29,23,12,9,47,10,6,46,23,24,48,38,25,47,2,1,33,34,48,6,32,38,48,6,9,47,27,46,15,33,0,2,47,1,41,42,30,47,0,2,17,33,37,48,38,29,29,42,30,40,31,33,43,18,14,45,30,43,38,2,32,6,9,35,14,48,27,0,41,33,47,41,23,42,6,26,7,38,41,5,12,41,22,48,47,22,45,2,8,38,24,35,27,48,0,41,12,14,9,18,2,9,40,2,8,16,6,47,47,9,47,48,17,14,47,16,23,31,0,47,42,19,40,26,2,45,21,48,47,42,38,42,47,2,33,2,2,41,9,30,2,26,1,41,42,7,25,1,2,29,6,37,29,48,0,43,23,14,47,2,48,30,40,41,22,34,48,48,7,41,23,18,0,6,38,24,42,48,17,30,17,41,47,9,10,33,14,41,19,17,37,14,0,9,23,33,48,37,47,23,13,1,32,38,37,23,33,6,17,1,1,46,47,40,7,2,30,14,2,41,26,1,7,38,2,48,24,6,40,1,14,7,9,45,2,9,1,25,34,41,8,47,40,14,22,38,1,9,45,7,2,1,14,30,0,12,31,35,14,2,48,23,40,0,12,48,29,47,30,26,15,1,17,47,7,7,38,26,2,2,41,42,22,9,9,48,38,37,2,30,1,42,1,46,45,18,30,44,48,29,33,14,7,26,0,1,7,6,40,8,0,6,30,37,9,7,48,17,29,15,6,35,7,38,41,9,0,27,30,1,48,7,5,42,2,32,2,29,23,14,48,38,14,7,25,40,18,17,47,2,25,29,14,9,38,32,7,25,43,9,2,33,32,40,41,23,47,41,30,25,29,47,38,42,2,2,38,26,6,33,37,8,42,16,42,32,14,47,40,48,47,12,23,40,7,38,22,18,7,7,9,42,41,14,7,26,19,1,47,40,41,2,33,38,41,33,9,30,6,42,40,14,47,48,7,35,2,48,32,17,1,7,41,26,2,41,47,43,19,41,35,5,14,38,40,9,30,40,32,47
20,Dreamstream,Hispanic,18,27,14,12,1,12,27,14,2,18,47,37,0,47,41,45,33,42,9,42,17,0,9,26,37,1,41,21,9,1,40,26,41,35,38,48,43,30,30,6,48,41,33,41,0,26,46,14,0,27,16,30,6,2,6,0,18,48,0,18,17,47,7,2,18,18,9,2,41,48,1,37,47,16,12,32,26,29,47,42,8,22,14,47,41,25,7,30,41,29,48,7,46,35,38,23,14,48,14,2,26,29,9,38,1,46,6,41,48,27,27,40,2,17,24,15,18,27,48,22,41,40,12,26,9,7,7,47,14,5,18,37,40,27,47,29,2,30,1,2,19,40,18,0,33,30,48,47,26,18,14,22,47,8,47,6,7,30,8,0,8,26,32,9,26,33,1,41,27,27,40,26,18,2,37,6,27,48,12,7,7,33,21,38,22,42,33,33,14,42,40,14,14,48,6,47,18,26,2,30,19,42,16,7,14,33,2,14,48,48,40,14,48,40,33,14,0,30,26,30,47,25,47,23,2,32,26,48,25,9,29,38,18,35,29,2,1,2,18,1,41,46,25,2,47,26,47,14,41,33,40,24,47,1,7,27,41,2,0,37,1,42,47,7,37,6,2,2,1,7,26,5,14,14,1,48,23,40,18,30,7,8,47,7,27,7,38,1,44,2,21,29,0,23,37,5,14,26,40,40,4,47,41,35,35,6,37,33,1,18,7,38,2,26,33,7,6,1,22,22,10,18,14,9,26,15,48,26,40,17,25,40,2,42,40,40,33,6,35,29,1,41,40,1,7,12,7,7,2,25,47,18,46,47,42,0,41,47,18,14,48,46,33,2,18,38,16,41,47,48,22,31,25,41,40,9,9,47,41,9,47,1,26,2,32,35,1,6,38,1,38,1,27,2,1,44,30,14,41,29,18,29,14,47,33,7,8,23,1,30,41,26,30,48,14,42,40,47,38,48,6,33,18,0,41,42,14,7,2,18,17,2,25,26,40,26,30,9,1,48,38,40,48,29,48,2,42,26,26,6,6,2,23,19,38,48,18,7,9,26,48,0,41,40,7,8,6,31,31,41,29,18,18,7,32,38,9,23,26,37,22,48,42,26,18,30,42,38,27,41,2,7,45,48,48,2,41,1,26,35,9,48,2,0,26,48,47,2,42,1,32,6,42,40,42,26,40,41,14,13,27,48,2,47,30,42,7,25,30,48,29,6,22,27,30,47,31,46,9,41,0,48,12,0,23,42,9,0,42,12,7,27,40,2,18,23,2,18,2,2,35,29,0,25,14,2,27,26,40,17,30,41,41,17,32,18,6,48,0,48,42,21,0,18,47,14,29,33,1,38,35,48,32,33,29,6,18,38,26,26,48,18,47,2,2,9,45,14,23,18,30,18,40,48,2,14,48,40,38,48,1,2,33,14,33,48,9,33,38,42,33,2,15,2,27,43,7,25,40,41,23,2,2,38,30,18,30,26,7,42,48,7,26,27,7,33,17,14,41,26,18,35,14,38,18,35,29,42,42,1,25,38,32,23,42,26,40,14,48,18,41,27,41,6,27,6,47,27,26,9,7,41,0,18,17,45,40,41,18,26,35,40,32,32,1,29,2,48,18,41,26,37,2,2,25,37,21,19,9,18,7,23,40,47,48,48,5,6,19,29,6,18,2,30,2,17,42,29,6,41,9,47,24,26,25,23,18,29,2,14,48,21,37,47,40,18,48,36,27,18,21,21,48,26,40,0,9,48,41,1,2,2,45,6,41,1,18,47,30,40,27,40,37,30,44,8,48,42,26,27,32,29,18,17,14,35,41,40,40,2,40,2,41,8,47,27,16,48,18,18,6,14,17,42,41,0,0,38,37,1,35,26,41,1,32,30,18,25,29,41,38,18,14,40,29,25,18,40,29,26,6,18,29,23,0,38,40,25,1,30,43,36,40,14,1,33,26,18,32,26,40,18,32,9,40,30,40,35,2,47,41,27,30,2,6,32,22,47,8,14,2,30,14,17,41,9,47,47,14,47,25,18,48,40,43,30,5,14,42,16,16,37,26,30,26,26,30,23,27,37,46,30,26,35,38,6,0,6,7,42,2,48,16,48,27,48,42,25,33,48,9,7,40,48,47,37,12,25,9,14,2,27,48,30,40,43,48,14,26,26,30,1,47,1,2,2,41,41,14,23,33,14,41,6,26,14,40,37,0,16,0,48,41,12,9,27,1,40,40,38,23,40,26,6,23,25,42,22,17,2,25,25,48,42,0,26,40,9,7,24
21,Echo Horizon,White,2,41,8,22,8,23,23,17,33,27,25,40,1,18,33,30,8,21,26,21,33,40,7,9,12,48,47,16,7,0,32,47,38,48,26,6,15,26,32,17,47,1,47,47,48,48,25,27,26,14,38,26,0,47,41,26,29,14,22,6,41,14,26,8,48,8,26,8,18,18,26,26,1,38,11,23,11,1,38,38,40,33,23,12,27,48,37,21,2,17,18,32,48,27,22,47,28,18,48,10,32,9,34,28,2,47,41,2,12,1,44,7,1,40,41,14,1,6,23,0,33,26,7,37,26,45,40,26,6,46,47,26,26,16,1,7,33,33,33,1,18,6,29,26,6,26,27,38,9,1,0,38,18,40,35,48,40,8,26,16,30,45,26,37,40,41,18,17,33,48,9,41,48,5,11,48,42,40,6,26,37,41,23,48,26,47,25,6,6,40,11,1,28,47,24,14,47,40,1,11,18,41,32,30,43,38,18,48,1,38,38,26,33,17,41,40,16,26,27,40,38,47,14,48,18,29,6,1,12,26,40,18,1,27,30,18,14,18,27,2,18,42,26,41,16,0,25,48,42,15,2,23,18,16,30,33,48,47,33,11,2,33,41,11,40,41,0,48,18,30,24,14,18,38,6,14,2,7,16,11,26,7,14,30,22,26,35,26,16,6,42,48,32,42,32,14,6,1,37,11,7,6,6,38,2,18,26,14,0,48,40,27,41,7,42,40,2,18,12,18,41,2,25,40,30,0,18,30,38,13,26,17,48,47,14,9,46,26,41,41,29,18,30,27,32,14,11,37,5,47,31,8,16,14,18,14,48,48,26,47,1,25,18,33,41,18,14,18,25,16,1,25,38,8,41,7,11,27,33,11,21,42,32,1,26,2,48,1,27,48,6,38,1,8,33,5,11,6,8,2,46,41,33,23,27,26,41,27,18,7,33,30,7,8,27,41,7,23,27,46,18,2,29,1,27,25,6,32,14,6,48,8,14,27,9,7,9,26,29,38,32,30,14,26,2,42,41,23,30,8,27,0,14,2,48,2,41,11,12,23,26,17,29,2,11,26,47,0,47,26,7,47,47,26,26,25,40,31,9,40,1,18,47,0,0,11,23,29,48,18,14,9,7,41,47,18,48,23,11,27,37,35,18,44,27,26,27,48,41,29,11,26,8,9,29,2,22,47,33,41,44,18,1,27,9,0,29,35,11,1,14,8,0,8,37,18,27,38,11,6,40,38,26,23,25,41,11,22,1,38,37,48,26,7,48,15,47,16,0,35,28,18,14,31,18,8,42,29,17,41,8,2,47,29,26,14,17,25,44,41,28,14,6,0,42,47,11,41,19,8,33,23,26,42,26,41,41,48,40,7,25,2,48,22,18,40,7,1,42,1,26,41,7,6,18,6,6,26,40,47,6,29,35,25,8,35,37,48,12,0,48,26,27,8,0,35,30,42,9,33,43,23,18,6,40,48,11,48,39,48,6,30,30,41,30,47,38,18,1,40,0,26,38,17,33,23,42,27,5,14,48,40,26,48,28,40,30,44,35,41,6,28,27,10,16,48,41,28,37,45,40,47,48,6,33,26,14,38,1,32,29,26,26,1,29,41,25,6,33,6,18,40,47,26,40,30,25,33,40,2,30,33,29,1,24,38,27,12,38,32,14,14,18,37,26,6,23,18,17,13,26,2,2,11,31,28,40,40,18,21,41,23,26,25,30,38,26,26,19,2,14,38,8,7,30,10,37,8,29,8,47,18,37,48,26,14,33,1,7,48,33,30,30,7,18,30,2,14,7,48,40,1,1,48,40,1,6,7,9,32,26,8,2,11,15,48,42,25,48,38,23,47,29,47,27,14,46,26,26,0,27,48,14,8,26,45,14,23,18,38,8,14,1,7,7,10,28,0,7,45,40,47,2,27,7,25,26,46,29,40,23,6,9,48,16,18,37,48,37,37,30,2,8,30,26,45,28,41,1,23,18,33,40,47,47,40,2,2,7,2,38,40,25,41,27,11,24,41,27,0,33,48,38,37,27,0,22,42,2,25,14,30,21,7,27,11,40,48,16,30,47,9,30,48,14,16,6,38,26,29,25,41,47,14,14,1,0,22,48,42,26,32,18,0,48,40,2,14,7,17,32,23,25,9,37,1,0,47,30,32,21,26,48,41,26,6,18,6,2,48,1,48,1,8,48,47,30,40,18,35,9,8,48,35,11,22,40,8,11,26,21,30,18,14,0,22,14,0,33,48,18,42,17,0,6,11,37,29,40,23
22,Celestial Wave,White,8,1,38,1,2,2,38,35,18,2,23,7,38,48,47,26,1,33,30,0,26,7,11,7,11,2,6,22,30,22,8,41,47,47,48,1,0,11,9,47,27,48,10,0,41,1,27,48,47,35,18,32,13,48,1,28,8,33,47,47,35,2,27,32,2,2,27,29,2,6,41,27,48,23,27,27,40,47,42,48,7,27,2,2,14,23,26,37,9,48,2,29,41,1,1,2,23,33,41,27,11,30,11,1,9,35,8,18,33,26,2,11,48,47,33,12,9,48,28,1,26,33,45,27,11,11,11,9,18,28,2,7,27,26,2,26,1,7,12,41,2,14,44,23,26,37,1,18,8,9,42,35,1,26,0,38,11,26,45,42,27,27,30,26,30,1,41,48,42,1,27,42,2,0,32,9,47,41,17,11,40,48,46,14,48,46,48,42,48,43,12,0,33,1,38,48,33,27,29,0,9,9,42,8,6,17,14,9,2,19,26,48,6,14,2,1,14,7,14,7,16,18,38,42,6,47,47,9,48,11,37,9,29,6,27,33,0,47,1,38,2,27,42,18,25,9,33,28,22,31,18,28,26,26,27,28,27,25,1,30,26,47,1,32,7,47,38,8,48,37,23,48,41,12,38,27,29,26,14,40,30,30,18,26,25,40,40,8,14,48,14,1,11,35,7,25,17,9,8,27,40,18,9,42,1,2,7,48,48,14,8,6,1,45,38,29,1,48,29,43,18,8,47,7,7,18,28,9,17,14,33,31,1,48,29,37,0,18,17,48,2,8,26,29,26,48,27,30,29,27,17,41,48,38,41,17,18,0,48,9,47,38,27,8,8,2,47,9,35,26,47,1,35,14,6,26,7,28,28,40,48,0,7,8,27,6,18,2,41,29,42,48,38,47,47,14,9,41,27,1,22,18,12,0,14,11,17,12,19,8,1,27,2,6,41,26,9,42,46,12,8,1,8,24,1,23,42,30,33,26,41,48,23,28,26,27,37,11,8,25,18,26,33,9,8,18,8,25,11,35,48,47,1,48,1,5,21,40,7,14,1,47,2,1,8,16,2,25,33,2,11,48,33,27,40,14,8,26,8,11,28,26,1,7,22,27,41,6,47,1,38,26,30,47,1,1,47,0,2,25,11,47,33,29,25,41,0,1,46,38,7,17,48,26,22,40,26,48,2,6,31,41,38,8,11,35,28,0,40,14,18,38,42,1,40,27,47,28,40,40,7,47,7,31,14,8,7,47,17,14,26,41,9,27,2,27,9,23,33,42,43,26,48,28,9,9,43,7,47,48,9,1,42,47,7,48,48,26,14,47,47,26,48,35,27,31,27,2,48,1,38,14,30,25,48,48,2,27,12,27,28,29,18,26,1,7,37,22,47,14,9,27,27,47,41,41,14,45,1,42,48,26,25,46,41,22,26,14,8,48,14,47,2,47,42,23,26,0,30,17,2,25,9,41,26,1,9,2,27,27,18,40,7,48,11,22,47,16,9,32,28,38,33,6,27,25,27,0,48,18,26,48,27,15,0,11,37,38,18,17,14,38,48,18,17,1,48,42,32,26,26,14,18,26,38,37,28,18,9,9,36,27,40,2,28,17,27,1,48,48,1,7,48,9,44,7,17,2,27,8,26,47,7,8,42,27,25,17,12,12,29,48,1,32,23,14,27,2,41,6,7,21,25,40,14,27,1,30,48,42,35,42,39,48,32,14,38,1,38,47,18,25,18,32,11,42,7,2,18,48,48,6,11,47,8,47,25,18,8,18,48,32,11,40,33,40,47,23,40,2,26,2,27,12,46,8,2,29,26,11,7,9,9,40,1,42,23,44,2,48,1,29,48,23,38,38,17,8,7,42,40,41,12,48,45,26,47,15,1,1,16,9,12,27,32,38,41,11,40,9,9,28,47,38,27,27,7,28,2,7,17,8,11,18,6,27,8,41,30,32,45,48,27,45,37,32,26,6,41,31,48,21,26,48,2,23,48,9,11,41,1,29,28,38,9,26,14,1,16,28,28,2,17,11,48,7,42,48,1,12,41,7,2,32,42,7,23,42,47,26,31,11,27,0,47,48,9,2,40,43,42,18,18,35,0,35,14,5,29,47,7,26,17,23,18,11,42,18,27,40,1,25,35,0,11,26,21,23,27,27,11,19,2,8,27,27,9,2,18,47,2,1,18,1,6,17,37,7,14,27,7,2,9,38,30,23,28,26,30,48,33,11,48,8,25,48,17,2,38,14,42,23,6,47,48,40,32,11,27,2
23,Velvet Nova,White,44,8,1,27,48,43,44,26,9,48,14,11,14,8,38,7,41,46,40,20,41,8,45,32,7,44,8,46,36,14,27,6,6,14,17,2,1,40,7,35,20,33,27,21,14,2,15,2,18,38,44,36,48,1,18,48,48,5,26,9,40,48,36,9,9,29,11,18,48,47,33,7,6,47,36,11,9,18,0,23,11,2,26,23,6,35,11,26,26,33,41,11,42,2,23,42,48,44,2,38,27,27,36,47,48,17,44,48,6,17,1,30,18,38,47,28,6,26,17,29,47,42,11,11,30,29,30,6,1,47,44,27,45,20,8,11,42,26,22,18,48,38,48,27,48,27,20,26,11,44,48,1,8,0,28,8,30,40,30,47,26,9,11,27,36,14,48,38,20,17,30,2,42,44,2,2,25,1,47,36,27,44,20,20,41,14,0,23,17,41,7,27,2,8,20,0,44,11,47,36,8,18,26,11,42,26,26,2,9,41,41,6,47,48,44,48,1,11,17,11,0,22,18,25,8,41,44,33,2,40,27,2,41,26,7,41,17,42,9,6,48,29,35,1,42,36,18,20,48,2,41,27,8,48,26,38,2,14,14,26,44,6,8,30,26,27,8,40,6,29,17,23,2,0,44,1,18,9,35,7,9,26,25,45,28,27,33,29,0,1,23,9,36,27,27,27,41,18,30,26,32,26,44,0,47,38,30,17,38,2,36,47,48,27,27,36,38,9,42,47,1,48,40,11,40,25,38,7,14,48,23,6,44,2,41,26,6,35,48,38,18,2,27,20,11,17,40,9,48,46,38,6,23,20,9,41,8,17,1,1,14,14,2,48,38,41,27,14,27,42,42,2,33,1,47,11,26,42,35,37,17,38,30,47,11,8,44,18,26,2,26,8,42,18,9,16,27,2,18,8,12,33,48,46,23,29,47,14,41,36,8,36,9,9,18,48,32,20,21,17,41,8,9,33,18,16,41,36,1,29,29,18,6,18,36,32,26,7,2,16,1,34,26,11,44,48,44,21,36,9,41,26,38,31,20,1,28,36,26,35,47,29,47,18,40,6,1,14,23,8,36,2,42,36,27,47,7,0,11,26,27,2,41,2,28,40,25,48,20,2,1,40,11,18,18,48,9,26,27,20,7,33,44,1,14,19,46,47,38,20,29,48,9,27,18,1,25,9,48,48,42,35,48,2,8,48,26,48,27,16,44,47,41,2,26,0,1,0,27,14,27,22,11,1,41,1,30,40,26,17,30,25,27,26,41,38,8,17,1,28,16,2,47,38,26,18,47,30,14,13,7,9,22,33,30,25,41,27,22,38,40,48,17,47,2,20,26,18,6,18,47,1,7,47,1,1,47,0,27,36,47,26,27,48,44,27,11,20,17,17,11,8,30,1,48,2,33,36,48,2,41,18,28,0,2,20,11,40,9,35,47,6,48,33,33,42,11,23,36,47,48,48,44,1,7,2,27,1,40,28,35,26,34,6,40,26,33,8,2,36,20,29,41,47,20,20,0,20,46,2,0,6,7,17,27,7,7,27,27,48,35,2,44,44,25,33,18,46,7,36,9,48,41,9,26,30,47,6,33,30,1,9,27,18,38,27,1,41,44,1,2,11,44,6,17,40,1,44,30,1,29,48,26,18,6,33,38,47,47,26,33,33,9,7,14,48,28,9,14,38,27,22,14,45,1,14,2,7,27,22,17,20,7,22,11,47,47,2,41,44,2,14,41,36,36,28,26,18,44,2,9,9,9,8,44,26,26,41,45,44,41,36,26,11,14,36,41,16,37,18,30,8,2,47,42,9,18,36,36,40,30,18,8,7,17,23,48,27,41,41,8,25,20,17,35,6,21,41,11,38,0,31,26,26,27,37,2,38,8,48,44,47,15,30,26,14,24,36,26,7,41,48,26,0,9,2,45,42,40,36,28,1,37,1,43,2,9,9,7,40,26,1,29,27,27,36,17,14,8,20,1,14,45,8,14,27,17,44,2,6,47,37,38,6,44,40,17,8,1,35,2,14,47,9,1,29,17,6,6,20,47,11,18,26,23,27,45,18,23,11,28,36,11,18,29,0,1,9,27,23,47,8,42,17,28,18,23,41,2,1,36,11,38,6,41,26,48,0,30,6,44,17,17,7,9,10,23,27,11,30,26,48,1,47,40,18,2,47,44,20,18,8,2,18,18,42,27,36,42,47,36,47,8,47,45,25,48,44,29,1,14,0,8,48,40,40,40,17,48,9,1,15,42,25,29,32,7,36,8,14
24,Nexus Horizon,Native,48,18,44,20,9,1,22,41,48,1,42,24,47,44,48,37,44,23,7,23,47,36,36,30,26,18,2,42,26,41,24,8,22,26,41,18,48,36,27,41,2,44,17,17,35,44,48,47,23,42,6,9,33,13,9,42,47,27,38,44,29,9,11,18,44,22,24,47,33,44,8,36,22,27,26,26,24,9,28,1,36,6,28,14,1,29,27,40,1,47,8,37,18,23,6,20,16,27,1,20,8,26,30,42,8,14,1,21,0,6,22,24,47,6,25,22,2,41,2,48,1,18,36,36,36,30,36,22,41,35,1,40,11,48,26,40,0,11,35,22,1,48,0,20,41,24,0,2,36,48,47,41,2,36,22,2,24,7,7,35,36,11,40,36,8,6,14,26,47,42,26,8,8,18,36,8,20,42,1,27,32,9,0,6,0,18,2,47,41,20,26,48,1,18,22,25,48,24,18,24,22,40,6,36,47,18,1,8,27,26,1,40,40,38,18,17,47,9,13,24,48,48,20,14,26,6,22,8,27,30,11,8,2,47,9,22,27,25,44,8,44,38,17,6,14,7,20,44,46,35,1,48,44,31,11,16,22,20,20,40,18,18,2,26,11,29,29,1,26,11,47,13,8,41,2,42,17,27,42,24,29,11,5,11,47,11,0,22,25,9,46,18,7,28,24,23,1,41,11,7,26,8,18,6,14,1,11,47,17,44,26,26,8,37,0,24,9,44,35,42,14,1,35,27,11,38,20,40,26,18,28,48,41,8,38,27,42,44,42,17,41,9,24,0,45,6,24,24,28,42,42,2,25,13,44,18,31,1,8,41,6,28,29,44,48,9,28,47,28,22,20,20,17,18,26,24,40,0,18,7,13,18,11,6,24,48,9,44,18,44,41,44,33,44,2,27,26,22,1,22,14,2,18,14,17,40,35,25,9,24,18,40,36,38,23,14,26,2,13,15,2,18,38,46,48,27,26,2,17,47,1,47,44,47,24,30,36,30,47,33,44,7,6,45,19,1,18,27,29,44,26,31,47,8,14,22,0,27,11,16,8,26,18,8,27,18,44,23,20,9,26,22,28,30,7,18,24,15,40,23,16,1,18,23,20,26,1,20,25,48,44,11,37,27,9,44,2,48,40,17,27,18,48,20,48,47,13,44,28,47,27,41,26,7,23,9,2,2,1,47,48,8,18,44,27,23,27,23,24,42,38,18,10,9,27,20,38,42,7,26,30,18,27,47,17,48,40,28,23,47,27,47,7,29,22,20,44,20,48,1,27,9,46,17,8,44,23,36,41,47,36,22,28,26,24,27,38,12,48,26,13,18,28,48,13,28,36,22,18,22,41,47,40,14,2,33,48,29,11,9,10,9,33,42,29,30,27,25,15,48,7,2,11,2,26,44,26,24,18,18,44,8,6,23,9,42,27,47,22,38,35,18,26,44,14,46,24,18,27,1,18,27,26,9,27,47,32,9,11,23,29,45,9,9,27,1,41,1,18,30,17,41,48,1,22,48,33,1,13,35,27,26,30,28,25,37,26,17,14,23,1,48,18,33,23,41,22,35,24,7,36,2,22,8,41,40,10,14,22,7,18,11,9,44,13,47,47,8,1,42,22,9,8,44,23,26,0,22,26,48,11,2,24,2,20,20,28,41,18,36,41,2,6,11,28,38,26,47,18,47,11,41,29,27,27,17,8,26,44,17,6,28,27,17,26,20,0,22,18,9,44,29,22,30,37,20,27,41,9,9,44,22,30,2,18,18,1,44,11,6,17,11,36,24,22,26,18,46,9,33,27,18,22,42,17,44,22,32,24,24,27,48,18,27,13,26,35,0,8,33,22,13,38,1,48,29,13,18,32,48,20,9,1,18,40,11,22,20,14,27,2,22,27,11,11,17,27,26,36,37,8,2,8,47,30,22,36,23,9,11,1,18,26,6,14,41,11,47,27,27,24,47,7,7,7,27,14,48,22,33,44,13,27,41,9,11,14,48,32,18,8,11,42,1,22,30,43,18,21,40,20,25,35,30,23,24,47,41,8,23,23,27,47,29,35,36,36,13,42,7,23,7,7,25,42,17,2,18,0,0,27,2,0,41,23,22,35,27,44,44,30,9,28,42,44,27,0,1,29,29,18,48,20,24,32,27,28,25,37,36,36,2,18,9,36,48,1,48,26,2,9,6,47,14,1,25,36,9,31,23,27,18,33,18,36,28,6,41,7,41,27,36,9,9,16,35,22,28,18,6,2,28,18,14,26,7,11,26,36,35
25,Neon Beacon,Hispanic,26,2,20,48,44,48,1,47,20,0,5,26,23,6,14,36,2,20,27,38,27,24,27,27,9,9,1,47,25,2,7,18,8,41,47,8,42,7,11,48,8,18,42,27,28,8,28,23,27,33,22,7,18,28,8,27,2,1,23,20,48,22,24,41,1,6,36,22,9,1,9,25,9,0,25,36,25,2,48,35,26,1,1,25,17,27,40,27,20,44,9,25,47,42,42,17,8,1,8,13,7,11,27,17,20,23,18,23,35,35,17,29,44,18,48,20,22,18,1,42,35,44,26,9,25,26,25,8,20,8,38,36,30,41,20,32,35,37,17,9,9,47,23,8,44,7,22,20,24,22,17,0,48,30,13,14,37,24,25,33,9,30,24,25,11,20,10,40,23,26,36,18,22,27,24,22,44,6,48,25,11,18,17,42,38,13,24,27,27,47,36,38,27,2,27,38,1,30,9,27,41,8,1,26,1,6,9,26,42,44,18,33,12,44,9,20,42,24,23,27,42,23,0,27,44,1,2,20,1,7,25,26,8,48,11,1,21,35,8,33,8,47,38,9,46,30,17,13,23,28,8,42,1,2,36,2,20,27,18,24,9,41,9,37,8,26,22,41,47,26,0,24,20,47,20,20,20,32,0,27,27,37,2,9,8,36,47,14,13,20,10,44,26,13,25,48,27,44,36,29,11,9,35,2,38,41,40,8,22,1,37,1,20,24,10,26,18,6,10,27,20,41,17,25,36,28,23,27,18,6,8,41,9,44,26,25,8,20,27,47,22,29,25,25,36,26,26,11,0,48,23,1,18,46,22,26,22,23,40,22,18,17,9,20,35,48,23,8,13,44,48,47,20,26,35,30,25,18,47,36,8,29,24,44,9,20,22,48,44,9,17,18,8,41,22,28,7,32,44,6,17,9,44,13,42,9,16,48,8,11,22,25,11,20,0,1,24,17,14,20,14,48,1,29,8,17,17,26,41,20,14,33,27,17,25,36,7,36,40,20,20,11,35,7,1,14,1,29,39,41,1,27,17,38,41,31,13,26,30,12,9,41,22,47,30,44,22,38,1,44,27,8,23,0,36,1,26,47,24,27,18,8,22,27,47,45,48,42,14,8,18,24,26,13,8,47,22,38,25,23,25,44,6,48,47,14,42,22,13,48,40,18,18,36,0,20,6,8,18,1,18,1,33,1,26,20,30,18,7,15,2,1,8,41,11,1,18,47,2,17,26,2,25,13,27,20,26,44,33,0,36,42,36,25,20,47,26,14,12,23,0,1,27,42,6,26,48,25,0,1,24,48,6,44,11,38,35,23,42,29,2,20,20,28,14,24,37,8,8,26,6,10,25,2,22,47,1,17,36,24,27,22,20,0,8,26,32,48,13,35,33,22,36,18,6,40,40,11,20,9,20,47,17,17,14,13,24,18,44,1,18,48,1,38,1,16,9,8,26,14,47,20,20,18,36,9,7,6,30,20,13,11,24,44,32,42,26,44,48,27,38,18,6,18,10,26,41,17,17,22,23,1,25,2,38,30,11,35,13,14,33,17,8,9,0,9,1,20,30,27,27,20,6,1,48,27,20,9,47,27,26,7,7,6,48,8,46,18,20,8,8,26,1,1,38,24,8,9,37,47,36,38,30,41,23,23,15,1,44,11,26,9,22,36,1,41,38,20,33,26,30,28,47,36,18,13,41,11,20,44,14,38,24,2,25,25,29,9,1,20,9,20,9,25,27,26,39,44,8,47,38,47,27,20,48,44,27,8,27,8,6,25,25,27,25,11,14,8,27,26,11,48,14,44,27,18,44,25,7,27,11,41,48,12,27,0,22,17,1,8,2,48,41,14,1,41,48,1,27,16,8,20,33,44,36,27,41,42,20,20,1,48,28,25,30,23,0,25,11,27,2,24,18,13,26,28,27,6,18,24,0,44,25,2,23,48,30,42,24,36,25,9,11,26,24,25,18,47,26,41,29,23,25,1,8,26,13,22,26,8,41,27,8,44,8,7,38,44,18,42,23,27,6,26,17,26,28,38,44,43,15,45,8,27,47,37,27,41,25,36,8,26,24,47,23,1,18,44,11,17,23,44,27,47,10,8,20,48,41,9,27,27,23,20,1,25,13,22,26,1,22,16,27,27,26,42,42,38,25,29,25,44,26,2,30,1,26,9,48,13,27,20,9,29,8,20,24,11,17,0,26,9,20,26,27,8,17,22,24,6,48,26,6,33,42,42,2,1,41,18,17,48,47,1,17,27,26,7,30,48
26,Aether Flow,Black,14,48,5,38,22,27,42,48,5,41,48,25,42,41,22,24,5,27,36,47,6,27,40,11,27,47,5,27,24,17,26,9,20,18,18,5,27,24,26,1,23,9,20,35,25,14,1,25,28,30,20,11,47,23,2,18,1,16,27,8,44,6,30,22,5,14,30,41,20,20,20,11,18,13,8,24,30,8,23,0,24,42,25,27,26,28,30,25,6,18,1,26,23,13,2,22,18,47,22,14,9,15,24,0,22,25,48,27,8,38,47,36,9,48,42,16,8,17,47,47,44,22,24,30,7,27,26,2,48,42,22,9,7,23,9,15,20,27,42,44,8,26,8,38,8,15,29,8,25,47,16,42,44,11,8,18,25,11,36,44,11,7,15,40,7,44,22,18,1,23,32,22,9,28,27,44,13,47,18,37,36,2,38,0,20,17,13,43,22,8,24,33,25,6,47,35,22,25,20,37,5,47,18,27,25,1,41,40,20,47,44,47,26,41,5,29,21,36,42,26,25,41,48,8,9,26,9,41,18,36,24,1,44,1,15,5,23,0,22,18,5,48,14,8,17,25,28,42,2,27,48,47,5,8,32,23,9,42,17,7,22,48,44,25,15,44,44,9,44,27,38,0,9,20,18,17,27,11,24,26,15,15,27,15,20,30,20,5,23,8,20,20,30,22,11,1,44,8,15,30,24,22,5,8,28,8,24,27,47,22,25,44,44,29,23,9,47,20,25,28,8,9,30,26,25,43,0,11,1,44,0,1,18,6,18,36,48,5,20,22,8,47,11,15,25,47,30,27,42,18,0,27,47,30,20,1,5,42,5,18,8,23,48,18,1,8,38,44,23,13,23,30,8,2,38,15,36,20,13,26,27,26,15,48,30,5,20,10,33,8,18,2,23,1,20,8,40,9,9,31,8,8,22,26,28,27,44,28,20,37,5,7,26,5,17,22,36,0,0,27,9,5,44,27,2,15,47,24,47,9,26,1,29,14,37,24,27,15,18,22,2,36,41,36,41,9,9,30,27,22,18,29,48,44,42,41,30,24,27,2,2,1,44,42,36,22,5,12,25,18,37,20,30,24,24,42,11,28,15,7,46,41,8,11,8,25,47,30,42,47,9,30,24,28,41,8,44,30,36,47,24,17,8,14,20,1,8,20,48,42,36,33,2,30,13,18,0,5,5,38,30,20,5,36,7,25,11,14,15,26,9,40,27,5,36,48,20,23,36,22,11,12,15,33,20,2,36,23,27,8,40,0,15,36,44,21,22,42,8,8,14,5,1,20,41,6,40,24,26,44,26,44,44,22,36,8,18,13,46,22,6,13,14,23,8,23,24,5,9,5,18,42,36,27,18,22,22,18,9,8,38,20,22,38,20,11,15,13,33,0,25,44,37,44,5,18,22,15,9,8,9,1,8,27,18,2,30,26,48,28,26,44,17,9,20,17,27,35,15,26,41,28,42,44,24,8,36,20,36,1,23,36,11,8,36,0,44,2,44,11,30,44,44,48,23,47,26,14,47,48,44,41,36,27,13,15,15,26,33,46,48,33,26,48,13,20,9,2,11,25,11,18,8,2,22,15,46,22,41,11,22,25,36,20,16,0,22,9,8,20,35,36,20,48,20,36,5,1,25,44,24,28,36,20,0,47,2,22,41,7,47,5,20,27,20,26,1,44,22,1,0,13,28,25,48,0,44,36,26,18,18,25,36,1,24,35,5,18,22,5,5,42,2,45,15,23,11,26,26,5,20,20,36,44,35,2,0,22,36,9,18,9,24,2,17,7,8,17,25,9,36,9,5,1,2,2,5,27,11,30,9,6,5,36,38,20,0,2,9,22,18,28,1,26,18,18,8,44,40,8,17,8,22,5,11,36,8,27,44,14,5,2,42,26,36,35,14,27,25,25,18,27,20,22,36,33,25,14,8,15,8,48,30,9,30,20,24,44,26,24,7,20,15,36,36,24,2,22,9,8,9,42,15,18,20,15,23,26,36,26,18,24,30,18,48,24,30,5,25,38,38,26,1,25,0,11,6,18,9,47,28,26,22,36,48,40,26,40,29,24,14,25,36,28,28,8,44,1,37,27,0,22,29,8,41,6,13,0,20,18,25,36,26,13,8,7,20,42,25,22,9,13,28,11,15,14,25,0,32,25,15,5,9,26,25,22,27,22,20,5,5,9,22,5,22,8,7,24,47,25,11,22,44,6,24,1,42,20,36,29,8,24,2,44,14,23,30,30,26,20,14,17,44,21,41,24,24,24,26,42
27,Phantom Realm,Native,46,44,22,32,18,47,14,1,6,23,28,36,27,46,26,11,9,30,24,1,1,26,24,24,15,46,46,23,45,48,25,2,18,6,1,44,17,37,25,26,46,22,28,20,47,9,17,17,42,20,8,24,41,42,44,13,46,20,30,1,26,8,25,20,46,48,37,20,44,22,46,30,44,1,15,30,15,20,27,27,27,17,22,28,44,17,36,48,44,1,44,27,17,12,12,30,13,9,18,42,36,24,25,27,27,30,20,47,27,8,8,26,5,41,8,18,41,46,30,25,48,1,40,7,27,36,27,5,8,33,8,11,25,30,46,24,28,48,27,19,20,46,30,42,5,25,23,5,45,41,18,27,20,27,23,20,48,36,11,48,24,48,48,24,25,5,44,22,32,13,25,47,20,25,26,47,30,27,35,30,26,20,27,41,27,40,15,14,1,25,25,2,35,20,13,8,5,48,8,25,44,2,46,40,23,41,8,18,18,33,22,22,22,26,22,47,18,40,48,25,28,31,32,17,1,22,33,44,29,15,26,46,5,44,25,46,13,28,48,5,6,30,13,22,23,11,27,30,28,0,9,22,41,28,37,42,18,32,16,48,5,44,42,27,36,14,46,20,8,24,30,28,44,48,5,32,30,24,20,36,24,36,20,36,41,32,27,44,28,18,8,2,24,2,26,28,47,5,24,25,25,44,20,1,0,20,48,30,27,20,48,46,22,36,35,15,8,41,47,0,5,44,32,36,15,27,27,48,41,46,1,47,14,20,44,11,1,42,18,26,20,1,7,38,40,41,29,26,13,13,27,46,8,23,2,6,20,35,2,8,44,47,8,5,44,6,42,20,38,23,18,23,28,46,18,45,37,23,48,27,0,27,37,18,15,18,41,8,17,22,48,20,17,22,8,23,48,46,33,9,30,44,26,1,2,36,18,20,2,48,48,24,27,1,48,18,48,30,18,42,20,20,22,13,46,1,48,27,26,44,6,5,30,20,27,11,11,25,22,13,48,48,22,24,5,8,2,8,37,2,22,18,13,18,27,23,29,45,25,27,22,48,5,9,26,47,8,8,17,22,45,46,13,11,25,27,15,20,7,36,8,5,44,24,42,36,32,47,28,20,47,27,15,20,5,41,6,14,37,22,15,1,1,25,35,44,17,18,17,23,24,22,6,25,20,8,35,22,46,18,0,5,22,22,15,33,36,2,25,20,1,44,20,18,7,35,42,25,26,44,15,0,32,48,13,18,27,8,20,13,15,17,24,48,9,30,48,13,30,27,33,44,28,14,5,27,29,9,6,18,15,8,23,48,27,23,1,47,21,44,23,8,32,24,6,27,25,48,22,9,48,27,11,32,46,14,46,35,24,11,1,5,42,20,9,25,25,42,18,28,15,47,26,46,9,9,44,25,46,22,46,9,46,1,22,47,40,6,2,14,1,46,28,1,6,0,36,13,24,46,38,30,1,22,9,5,26,22,15,2,25,48,15,18,26,48,22,9,5,24,1,47,46,13,28,28,13,25,32,44,20,18,15,32,35,36,36,8,28,0,44,18,46,1,48,18,46,8,36,37,15,46,5,5,6,24,1,20,44,15,46,30,48,40,35,20,30,22,5,18,9,27,18,18,8,27,27,18,36,22,32,32,25,44,1,30,32,26,1,48,44,8,5,48,16,47,17,46,47,22,25,27,43,7,30,8,46,48,22,0,1,8,30,42,15,27,42,47,26,22,26,32,1,27,9,14,36,20,48,44,5,8,24,46,20,20,42,20,48,46,47,27,7,48,0,25,44,47,24,8,24,44,44,27,30,41,14,26,25,36,15,47,26,24,23,2,1,42,44,5,9,27,47,20,47,44,16,22,24,40,28,44,47,9,24,9,44,1,5,28,46,20,13,24,27,0,2,7,15,36,44,33,9,30,25,17,37,30,44,27,26,2,15,20,38,46,36,8,11,7,15,5,36,24,25,11,16,26,20,42,2,28,11,44,1,36,15,8,24,22,44,36,17,47,18,27,27,20,0,27,27,20,41,36,30,48,30,26,18,0,35,24,44,11,2,2,25,20,22,40,42,27,25,23,25,18,48,29,48,47,13,14,28,20,42,41,27,47,8,5,24,15,13,41,2,15,47,27,11,47,8,1,13,26,27,33,43,32,15,15,48,22,46,44,48,46,8,44,22,33,47,18,26,2,9,13,11,26,27,20,25,41,1,22,26,31,20,1,25,18,30,8,44,18,28,20,1,32,47,1,20,18,41,30,22,30,25,25,11,10
28,Starlight Voyage,Native,9,20,18,14,35,42,30,6,44,28,13,48,28,22,46,48,22,25,15,48,48,11,26,25,48,8,9,14,15,28,35,44,46,5,44,46,23,15,35,20,1,8,23,1,42,18,34,0,20,13,46,15,5,8,46,17,5,42,43,41,5,46,9,43,41,46,40,9,1,9,5,29,46,42,35,7,36,44,1,20,37,30,20,44,18,13,35,15,22,22,20,15,14,47,0,26,47,22,46,30,24,25,26,20,46,28,2,1,47,22,34,27,22,46,1,42,20,47,0,23,18,14,48,24,40,35,35,46,44,1,20,35,48,28,5,48,17,36,34,8,44,22,20,25,20,11,33,22,27,8,22,28,46,48,34,22,36,25,24,8,7,25,27,48,27,22,9,33,35,44,24,44,5,23,7,18,28,22,26,24,24,43,13,13,42,32,27,38,26,23,27,42,48,5,0,27,20,36,22,26,46,44,47,35,27,44,20,46,8,22,6,18,18,18,43,13,34,35,47,48,6,27,23,33,22,48,18,46,42,48,15,43,43,18,24,9,38,48,5,9,43,17,47,46,18,24,0,1,30,32,22,20,22,17,25,46,5,23,25,15,43,26,22,15,24,22,18,18,20,36,42,15,48,22,48,8,48,25,17,15,36,25,1,27,42,48,28,18,31,22,13,8,48,8,15,42,38,2,27,48,27,2,48,32,8,46,27,10,20,9,15,18,46,48,17,27,44,26,14,8,9,20,48,30,35,30,40,15,48,26,34,22,22,5,47,48,40,8,14,14,46,20,36,2,48,5,36,25,27,32,20,20,42,41,43,44,6,25,44,5,46,0,22,46,22,43,2,22,31,30,30,32,27,9,17,48,15,25,20,24,30,13,48,46,7,9,47,20,5,5,1,9,13,9,18,32,25,44,22,44,44,14,27,42,0,25,5,24,5,27,9,15,24,22,42,17,11,1,42,40,22,22,6,26,44,28,46,48,29,43,22,9,0,0,11,15,25,24,5,46,8,35,18,48,9,43,48,34,35,5,44,17,28,9,30,20,17,25,36,18,43,18,8,46,15,35,42,17,30,20,15,38,8,12,15,13,48,35,27,24,20,44,2,48,14,7,38,34,2,44,22,36,48,17,22,9,8,8,24,34,35,5,22,34,23,38,38,9,34,34,25,38,5,48,1,44,13,18,44,26,13,9,44,46,35,38,48,27,48,43,5,20,32,46,24,8,8,35,48,47,36,46,24,2,6,9,25,27,22,24,11,6,48,15,32,48,46,48,14,17,17,8,13,23,44,5,38,15,46,26,27,43,14,1,40,0,46,17,23,14,21,17,18,27,38,38,35,1,44,43,1,26,48,20,9,46,5,22,15,45,20,1,8,14,46,15,48,28,27,42,24,9,24,20,44,8,18,35,43,5,5,46,27,32,46,27,36,22,46,13,22,8,8,18,23,20,15,34,11,18,17,47,22,2,11,43,25,44,48,13,17,24,36,1,25,2,46,48,43,7,42,5,5,22,30,13,18,47,8,5,13,47,48,20,34,24,27,20,21,34,26,13,22,8,38,22,6,23,27,35,48,22,43,43,44,35,23,5,48,24,38,24,25,22,2,25,40,2,9,5,43,24,41,8,42,11,28,6,35,6,48,6,11,5,30,14,30,44,48,24,5,20,48,15,47,1,35,43,5,44,24,38,42,35,20,34,38,24,8,32,5,13,11,14,35,31,22,5,47,46,41,1,20,11,35,22,24,1,47,46,18,41,48,9,9,9,30,46,35,43,1,35,27,35,13,35,22,26,15,5,48,41,8,18,1,43,48,48,27,48,35,20,22,15,31,33,30,32,46,9,20,30,18,48,46,1,14,46,35,13,13,22,18,2,30,35,46,17,46,34,18,46,20,36,25,16,34,24,27,24,48,13,46,17,15,8,48,17,5,9,14,22,27,22,26,9,35,2,36,15,11,22,25,11,35,8,32,42,43,34,20,38,24,22,44,35,28,5,48,46,20,25,47,46,20,36,42,46,17,32,0,35,46,15,42,27,27,5,22,30,34,48,1,35,17,24,48,30,44,35,1,35,37,1,13,27,20,8,25,13,8,20,8,44,18,46,30,42,18,22,11,25,16,17,9,24,25,20,35,41,48,38,26,15,35,17,27,28,48,24,35,46,5,5,15,9,5,43,9,0,44,44,44,9,5,30,26,25,2,8,15,1,2,41,15,48,0,2,26,33,34,27,14,22,47,26,20,23,6,8,32,47,1,13,5,25,15,15,35,27
29,Ember Grove,Asian,20,9,46,0,5,20,2,43,34,30,21,15,25,43,44,27,20,32,11,32,44,25,48,48,13,41,43,8,27,27,48,20,34,22,43,34,14,48,48,43,34,2,8,48,30,5,13,20,38,44,43,35,44,17,20,20,22,28,2,22,46,18,4,47,22,44,35,1,43,5,18,15,34,30,7,15,7,43,18,25,25,13,27,8,48,18,15,24,43,46,5,48,25,46,13,0,17,8,20,28,25,36,15,8,41,34,22,14,14,25,39,15,20,44,28,0,47,19,8,27,43,47,27,48,15,48,15,18,5,13,46,15,35,17,43,25,22,15,38,20,46,18,28,48,34,48,47,44,15,46,27,16,43,25,38,46,27,48,27,39,13,36,35,11,35,43,20,1,48,28,35,20,46,8,15,34,2,46,41,48,25,46,8,28,30,25,42,28,46,0,35,28,22,34,34,42,46,32,41,7,1,22,48,48,48,14,34,34,46,43,5,1,43,46,8,34,13,27,32,9,8,17,28,47,20,40,5,34,47,13,48,20,34,43,36,14,28,13,20,46,27,28,23,44,28,13,26,32,27,8,5,8,2,13,24,34,8,34,42,27,34,1,5,13,48,18,1,22,22,48,20,42,34,23,34,38,42,13,38,8,25,24,32,48,38,15,32,20,8,44,41,41,15,30,48,33,5,20,48,13,13,48,46,28,48,22,35,42,23,8,13,41,18,35,28,48,34,46,28,17,46,46,8,24,24,34,14,35,44,43,17,46,20,22,43,7,28,22,1,5,5,34,15,8,15,1,48,13,30,8,40,5,30,8,27,47,34,28,46,48,9,27,43,9,46,5,40,5,20,38,21,17,42,22,5,35,27,30,23,35,28,39,36,9,36,19,8,9,22,34,47,5,41,48,5,25,13,8,48,34,20,20,1,22,20,35,26,30,46,25,2,35,15,44,20,47,15,32,48,2,48,46,46,32,5,48,1,15,18,46,44,44,32,32,48,35,48,40,43,14,46,24,44,15,43,20,20,39,15,47,46,41,20,22,32,28,23,15,24,28,18,22,6,34,25,17,20,34,27,1,25,44,0,48,35,17,36,34,48,25,30,22,9,25,35,48,0,17,0,5,5,15,35,1,20,34,20,2,30,32,48,41,20,23,30,22,23,41,23,17,15,43,34,24,10,46,30,6,34,22,38,44,34,18,24,14,13,42,26,13,34,43,43,44,25,23,0,30,35,18,48,34,36,17,1,22,13,48,13,39,13,20,25,30,46,42,20,10,42,47,25,34,8,34,43,20,17,13,18,12,48,18,1,43,25,39,43,14,32,1,14,27,39,32,1,48,15,34,5,20,26,13,35,8,20,27,8,47,13,15,13,48,28,28,40,35,26,30,28,23,27,46,13,34,22,20,46,30,34,46,22,44,1,13,1,25,25,1,18,30,43,22,42,34,48,27,13,47,25,6,27,8,34,5,25,46,24,18,26,29,34,27,27,46,48,13,29,34,34,13,32,1,43,5,39,39,17,30,20,9,39,46,11,8,23,25,48,13,30,28,18,8,20,22,22,46,44,38,35,15,24,8,9,22,43,36,32,34,8,25,48,36,35,9,20,32,17,46,43,44,27,15,9,5,13,15,2,8,11,5,25,22,15,46,46,0,20,38,43,35,46,44,44,26,17,18,48,38,48,46,35,23,30,24,17,2,20,25,9,13,47,14,25,0,13,17,13,34,5,48,8,30,46,24,26,25,35,5,46,20,43,44,35,43,34,8,28,9,13,5,44,15,40,13,28,27,9,0,36,46,15,20,47,41,47,34,46,24,35,15,25,34,1,25,34,30,39,22,5,1,44,38,22,28,33,46,47,5,13,12,30,2,46,22,15,24,9,35,48,30,43,8,31,37,15,28,23,15,24,11,20,20,14,28,11,42,24,8,20,35,32,9,24,5,34,44,27,22,15,11,27,46,35,13,48,26,30,18,5,27,5,25,48,20,34,7,8,46,25,44,22,15,21,48,47,48,25,48,32,17,30,33,5,48,2,15,2,22,48,26,8,35,20,13,0,25,15,28,28,25,0,15,48,42,48,39,22,34,24,32,20,9,17,26,48,44,48,28,9,20,48,35,41,27,22,36,17,32,15,43,33,47,39,25,48,25,33,1,9,9,27,20,22,46,24,8,44,18,41,41,22,43,5,20,20,27,25,35,25,13,24,46,43,1,25,39,30,43,13,47,0,35,46,43,34,5,35,27,46,34,0,44,33,39,18,35,13,27,24,26
30,Velocity Forge,Black,5,17,41,25,34,18,0,22,17,42,35,9,22,17,43,17,34,18,35,17,18,35,25,35,35,5,34,20,13,13,13,5,5,9,14,43,30,27,24,18,17,46,30,28,23,46,23,33,1,28,48,48,1,14,43,34,17,36,8,48,1,20,15,44,43,5,13,44,46,46,44,48,8,48,48,35,48,34,20,28,35,0,13,20,22,20,24,17,34,26,46,17,8,48,36,29,39,34,5,36,15,48,35,5,44,33,9,42,17,20,18,25,17,5,39,8,43,44,20,35,9,48,17,17,24,13,48,44,9,17,9,25,17,39,44,27,18,35,28,48,41,43,47,33,22,35,13,48,35,20,34,20,22,17,32,34,15,35,13,23,25,35,25,7,24,18,43,9,0,35,17,17,41,20,35,1,0,43,22,40,35,6,28,17,23,30,39,13,44,27,15,13,23,44,33,26,26,17,17,48,34,43,5,17,20,22,5,44,43,18,47,9,1,47,17,0,8,48,25,36,36,42,17,31,17,44,34,5,20,25,36,48,46,33,26,34,42,39,40,20,20,1,0,34,27,35,32,23,35,20,44,30,17,39,48,8,46,13,48,35,46,5,34,17,17,43,5,44,46,25,18,1,46,36,8,28,28,48,30,25,35,48,23,25,0,24,48,43,42,34,17,17,27,0,35,36,18,46,25,24,17,43,22,14,36,9,25,38,39,41,17,48,9,17,48,25,43,5,34,20,48,17,28,17,9,2,17,36,47,22,48,43,46,43,22,17,34,9,36,1,48,5,35,42,17,44,17,36,38,28,36,43,28,17,8,9,17,27,43,34,17,16,34,22,5,46,18,2,17,20,35,39,22,5,9,17,35,46,27,48,39,34,13,5,48,44,34,46,46,20,46,46,0,43,29,20,15,34,5,17,34,46,41,8,30,48,6,47,34,13,20,48,25,18,5,9,25,34,25,1,34,41,43,12,17,8,44,35,9,48,18,20,42,13,30,13,13,17,9,39,43,17,1,35,22,5,34,1,25,43,38,34,8,34,23,17,27,35,15,34,5,9,17,5,35,1,17,42,16,5,35,17,48,35,11,23,17,42,25,48,2,46,46,15,39,13,27,32,40,22,46,17,13,2,17,5,43,27,15,30,36,46,46,36,13,43,30,5,30,36,13,9,20,11,30,22,32,44,17,44,14,46,43,43,13,1,17,36,35,30,43,9,17,22,15,17,22,32,13,43,25,36,40,27,22,17,35,42,34,32,35,28,30,11,8,39,5,34,28,30,2,43,20,27,42,46,18,35,5,22,35,46,20,18,15,42,22,42,34,18,39,25,42,25,26,30,7,9,43,34,5,34,17,39,17,26,34,25,48,17,23,17,13,8,33,13,24,8,16,27,36,1,48,8,43,5,47,13,5,44,17,43,30,2,20,33,13,46,34,17,9,34,14,22,18,13,25,28,7,5,13,14,8,46,15,17,17,34,25,47,8,35,48,5,15,28,18,5,46,35,8,6,22,46,6,8,32,18,36,34,8,43,13,25,12,17,35,23,1,8,9,14,43,5,30,17,17,30,13,24,35,17,17,44,47,11,8,2,46,17,5,35,24,17,8,34,33,20,2,9,17,13,17,34,30,13,42,5,24,20,27,30,27,26,13,1,14,46,9,13,1,22,41,17,48,46,34,1,9,35,36,30,32,48,46,48,17,13,1,34,43,17,17,20,48,34,20,43,46,8,20,39,17,15,24,39,48,17,17,6,8,48,26,22,17,22,39,5,25,2,22,24,17,36,48,13,34,28,17,17,13,34,46,26,0,5,20,11,17,13,48,44,34,17,25,1,32,31,22,34,38,17,5,30,43,22,39,34,15,36,48,43,44,17,25,25,5,8,27,6,22,44,32,48,17,42,36,13,30,15,5,43,17,8,13,1,13,48,17,25,36,34,36,17,27,22,48,43,48,48,13,43,26,15,30,48,39,44,47,13,22,8,9,9,43,13,39,20,35,43,9,48,23,26,17,15,34,43,47,13,14,32,26,13,28,36,13,44,43,39,36,25,46,17,1,48,24,38,14,48,17,40,13,32,39,2,5,20,15,20,33,43,13,27,34,9,17,17,17,43,40,13,36,32,46,35,35,21,36,44,5,21,14,36,17,0,14,22,36,35,13,34,17,22,35,34,46,34,46,42,34,17,8,34,43,36,15,13,23,28,30,17,5,43,40,0,16,18,48,44,20,48,20,2,17,32,27,20,22,46,28,27,26,28,1,36,35,30,25,22
31,Radiant Shift,White,13,34,6,36,6,17,13,5,8,13,45,27,17,20,6,35,48,13,14,8,43,17,35,15,25,20,18,45,35,16,15,46,43,17,9,13,13,17,36,46,13,5,43,32,17,34,42,28,17,0,5,13,26,38,22,16,9,8,39,13,22,17,48,13,20,34,25,46,5,43,14,35,13,32,24,14,13,22,13,32,14,20,47,32,9,8,48,36,8,5,43,36,45,28,17,13,1,13,9,1,48,40,14,22,17,13,46,32,28,13,20,48,41,9,45,23,46,9,13,39,25,43,35,25,35,24,9,20,46,20,43,14,36,32,13,36,23,25,45,34,43,5,22,1,46,36,14,17,13,34,13,8,5,24,21,44,35,17,35,17,48,24,13,13,13,17,17,5,38,8,15,46,43,32,14,13,1,26,44,15,15,8,22,39,13,39,17,20,47,28,17,20,47,22,39,17,34,14,44,15,48,46,22,24,45,25,13,20,17,46,17,25,41,1,46,36,23,13,34,17,14,36,36,39,13,5,43,17,13,35,35,13,9,5,48,44,32,17,2,22,9,39,30,43,30,15,36,34,8,17,20,31,20,35,35,45,13,8,30,14,8,22,18,24,27,46,13,43,9,13,32,39,17,30,13,25,39,17,27,48,48,13,13,17,30,25,17,9,48,26,34,46,17,20,36,8,26,27,13,36,35,5,8,17,20,44,36,23,8,46,24,5,43,15,34,13,5,17,17,32,43,6,39,35,14,20,8,24,5,41,45,18,17,18,1,15,30,46,13,25,9,43,48,17,27,18,25,35,8,34,32,9,0,1,13,22,2,39,9,43,34,42,44,1,20,44,17,46,48,14,39,27,0,20,46,36,48,38,14,14,1,14,35,22,17,46,46,13,6,38,44,17,20,34,44,45,24,18,34,43,27,13,47,39,34,24,22,36,47,15,43,45,35,46,38,6,35,36,30,39,17,43,2,42,43,32,22,11,22,8,46,46,17,1,17,17,24,35,44,45,9,15,46,13,46,46,22,32,17,46,43,32,39,20,17,42,35,48,48,42,46,14,46,17,13,41,13,6,42,34,24,43,35,15,30,35,27,45,17,14,32,17,13,36,25,15,17,36,39,34,34,25,14,42,2,17,18,32,48,14,30,26,17,42,10,5,20,43,47,8,35,46,22,15,48,43,36,46,22,46,39,22,8,20,25,27,24,17,13,45,17,22,47,34,48,2,17,16,15,1,35,32,48,32,34,46,24,32,47,27,48,2,35,24,6,31,1,45,27,20,30,20,32,15,20,48,13,48,43,19,13,20,8,12,14,36,44,30,45,25,8,0,23,45,23,13,17,46,13,6,43,25,27,1,13,18,13,34,17,48,17,8,26,47,13,14,14,27,2,43,17,34,17,43,20,43,1,27,44,20,34,22,42,36,43,39,14,5,20,8,6,5,18,43,39,48,40,1,13,9,28,34,41,34,13,22,35,13,17,8,28,25,35,43,24,34,48,20,29,25,31,46,26,41,0,30,36,13,27,46,34,5,9,18,15,14,25,39,42,27,22,0,13,20,36,13,5,47,25,14,13,9,13,34,9,25,48,43,5,35,25,15,11,8,23,14,42,44,13,22,46,25,46,46,2,17,18,17,17,46,14,34,14,9,14,34,17,33,22,27,25,43,43,14,42,22,25,5,25,48,48,17,38,15,34,20,13,27,17,20,44,47,15,27,27,32,8,8,9,34,22,48,43,13,25,17,25,34,5,22,22,34,25,5,46,5,13,48,26,34,26,17,48,26,30,48,5,34,35,44,25,46,43,43,8,46,8,14,13,14,14,46,43,14,32,13,20,13,43,20,46,39,26,43,26,5,45,43,48,28,32,17,5,14,13,48,34,28,9,17,20,43,8,35,24,29,13,14,35,14,43,39,5,36,24,47,35,32,43,26,46,17,35,46,8,8,15,20,25,25,48,44,17,25,11,15,47,1,18,45,43,32,35,5,18,17,26,18,17,17,17,14,20,22,5,25,28,22,28,23,36,28,9,35,13,25,8,1,17,8,42,36,34,48,36,13,11,36,30,15,36,13,15,14,36,30,43,5,17,14,34,13,32,36,20,34,28,30,22,2,17,14,48,36,34,17,30,8,14,25,46,20,30,17,36,28,8,17,14,13,32,18,43,18,13,20,17,17,8,45,20,34,20,43,46,1,35,17,36,32,48,34,34,44,17,33,27,46,17,46,39,15,5,5,1,8,23,36,43,13,45,36,22,23,43,17,17,13,15,32
32,Nebula Pulse,Asian,34,13,17,17,17,39,17,9,46,20,27,20,8,2,15,13,15,17,13,27,22,15,15,36,24,15,44,36,11,45,14,43,2,43,46,41,28,14,14,9,10,20,18,22,1,22,47,34,10,23,34,27,22,30,38,30,13,9,9,17,18,34,13,15,8,17,48,5,22,13,22,13,20,39,13,25,35,13,25,34,20,48,17,39,46,34,14,14,5,41,34,14,20,32,30,39,20,17,43,23,14,14,13,14,34,42,15,8,32,42,14,13,8,15,27,27,44,15,39,20,46,9,13,35,13,17,20,34,43,25,34,24,24,2,22,13,27,24,8,5,5,44,17,36,9,40,8,46,14,2,36,48,6,14,45,43,26,13,17,34,17,13,7,17,15,46,34,25,8,36,11,34,34,30,13,43,32,9,43,13,17,15,34,25,8,27,23,17,18,13,48,45,30,43,36,23,8,35,15,13,13,20,43,25,17,15,44,17,15,29,29,15,15,22,48,27,28,25,41,15,20,20,10,13,41,15,20,13,17,27,7,44,22,46,35,20,30,23,13,43,13,33,20,48,13,20,23,45,17,30,15,34,34,25,17,1,44,30,45,13,20,46,15,14,35,15,15,46,34,14,34,8,42,32,15,47,47,36,36,13,13,27,42,24,32,13,22,13,20,46,0,22,35,32,9,20,9,22,35,35,14,17,17,34,23,5,15,28,13,34,35,29,34,11,9,11,22,13,13,14,34,34,13,48,13,42,30,25,25,47,27,26,43,9,16,35,36,43,28,18,34,13,13,30,20,43,13,14,47,14,48,22,17,28,17,5,43,8,20,15,22,13,20,15,9,17,20,15,42,9,28,13,30,44,22,13,24,17,30,25,14,17,27,17,13,22,17,43,47,43,43,22,30,46,43,47,14,43,13,15,48,43,5,45,9,13,46,45,43,35,15,13,17,2,26,44,27,28,39,47,13,44,34,34,9,9,43,17,44,22,25,22,13,42,15,40,17,48,46,17,22,13,15,27,13,22,15,45,24,20,17,20,42,46,28,30,9,13,35,9,44,46,43,44,48,15,43,28,35,46,17,1,36,20,20,28,25,39,13,17,35,20,5,17,9,24,39,23,35,13,43,13,17,45,34,22,34,17,20,39,26,43,9,45,8,42,32,13,20,27,17,47,46,13,45,47,20,20,20,14,34,17,9,9,14,34,25,28,36,36,20,46,25,43,35,36,39,45,17,15,14,20,13,12,8,13,14,9,45,20,24,8,11,35,34,1,13,27,17,18,42,46,42,36,15,43,20,20,22,43,14,33,30,9,20,13,5,20,13,9,9,42,38,36,36,39,48,15,15,17,22,17,24,23,5,5,17,13,7,13,14,46,23,27,43,17,35,21,22,25,20,20,20,9,17,22,43,48,15,1,18,34,48,47,5,34,48,9,15,9,41,17,23,13,36,9,48,48,14,48,42,39,17,15,14,44,20,43,13,14,42,15,14,20,13,30,1,13,20,14,33,43,18,15,34,17,8,23,23,20,33,25,17,22,39,35,17,25,45,32,5,25,2,15,42,15,8,17,17,13,17,43,34,17,18,20,39,46,34,13,43,13,15,34,42,28,28,34,22,46,5,35,13,43,48,48,30,34,13,9,20,20,13,22,35,17,8,18,26,25,18,34,46,13,30,25,32,34,46,9,15,34,8,13,47,45,43,14,46,45,22,27,14,28,20,28,36,46,15,26,15,45,44,48,17,47,13,46,13,34,34,43,17,1,22,46,45,13,15,22,25,48,13,25,42,14,13,13,48,13,14,43,15,22,9,13,43,35,14,17,24,43,44,35,14,8,8,28,29,43,43,5,43,31,44,26,23,20,36,34,2,5,6,46,35,15,1,14,22,8,6,5,0,13,20,27,45,17,17,48,15,34,43,32,14,9,17,10,6,13,48,46,17,44,45,5,25,5,35,35,14,13,20,35,20,13,20,43,46,9,46,9,14,34,22,20,27,15,14,9,13,17,13,33,46,14,36,2,45,2,32,45,25,17,20,13,12,47,20,17,18,15,17,20,30,35,20,27,17,13,45,14,14,27,8,25,34,43,14,9,28,1,23,34,45,20,15,23,15,17,15,30,0,34,20,20,27,45,20,15,20,28,36,20,20,45,39,8,35,11,20,43,44,43,14,44,22,13,17,28,8,41,46,46,13,48,48,27,45,36,35,5,22,15,13,47,13,34,15,43,13,13,15,20,32,30,18,39,1,22,30,13,25,20,15,13,20,20,17,39
33,Vanguard Quest,Black,22,5,9,39,15,14,20,46,26,32,8,14,20,5,25,15,17,36,20,4,45,13,19,20,19,25,22,28,17,42,11,25,17,25,15,9,8,25,17,15,28,17,48,13,4,13,2,45,34,9,1,14,45,45,13,29,20,32,41,46,45,15,20,5,40,20,15,15,34,17,15,14,15,8,17,20,17,5,26,13,15,14,9,42,43,22,19,13,46,6,13,19,0,34,34,9,45,15,34,0,20,19,17,32,25,4,43,20,34,4,45,35,34,26,30,36,34,22,16,17,22,5,25,19,14,15,14,43,25,45,48,17,19,38,34,20,34,14,20,13,15,9,13,47,17,17,28,34,20,5,32,12,34,15,36,5,13,20,19,28,35,17,14,35,17,9,8,43,17,18,13,5,13,39,25,25,23,45,25,20,48,5,45,32,17,20,45,1,9,17,9,23,39,15,14,13,25,15,25,35,43,13,9,15,34,46,17,22,25,45,45,45,5,15,20,18,22,14,45,35,34,32,4,9,15,46,8,43,23,19,20,34,13,9,20,17,4,36,43,44,15,13,45,13,34,17,39,0,39,34,13,9,15,34,20,6,15,31,32,25,6,17,43,35,25,1,9,13,25,15,27,27,5,42,43,33,13,15,8,35,14,19,0,19,39,14,34,17,34,43,36,15,25,48,19,34,45,15,17,15,20,25,47,36,42,25,17,13,28,15,19,25,6,13,8,35,46,15,39,36,44,13,0,20,19,13,32,19,43,5,32,44,15,46,46,14,32,2,30,46,17,44,19,13,14,22,35,20,32,35,33,44,36,48,5,46,46,14,13,46,15,8,46,43,13,20,22,48,0,4,17,42,18,17,1,14,19,34,4,13,32,2,25,15,25,25,25,22,1,18,15,13,45,15,46,0,36,20,17,46,13,15,9,17,4,20,9,13,44,17,44,17,20,25,28,43,14,38,8,0,25,17,13,8,22,30,45,19,46,5,15,43,36,36,14,48,19,14,15,8,5,20,5,20,20,44,46,28,13,17,9,8,45,5,45,8,8,30,20,17,20,5,34,13,14,45,34,27,13,13,13,13,45,19,17,32,35,18,14,15,25,43,15,35,13,14,20,8,17,9,15,35,25,39,46,20,13,34,14,42,17,6,43,47,42,9,14,8,32,28,48,1,43,14,34,5,28,13,25,5,23,43,20,34,36,4,14,20,45,28,25,17,23,15,13,13,36,4,19,45,13,30,14,36,28,25,48,36,41,48,20,13,13,14,43,13,34,0,36,25,39,22,16,10,22,15,28,11,15,15,25,34,0,25,48,45,26,32,9,5,34,38,16,9,32,45,32,25,20,13,44,30,15,45,44,43,20,45,25,14,9,43,25,39,22,24,13,46,20,30,35,17,19,15,34,15,5,7,17,43,43,13,45,45,34,0,35,41,17,45,25,25,32,5,10,28,19,36,17,22,4,41,46,17,35,6,19,8,19,17,36,14,19,22,35,35,45,17,22,48,25,14,1,26,17,1,34,9,4,8,1,9,35,42,32,27,19,21,20,22,46,32,15,34,32,43,13,39,14,48,20,25,46,20,45,17,42,8,17,20,47,14,13,13,30,22,20,25,41,13,34,48,5,17,0,20,9,25,14,17,13,8,35,43,45,42,1,15,45,15,48,13,8,25,36,44,13,22,43,15,17,8,39,20,42,36,22,20,43,28,46,30,20,32,36,42,17,25,44,41,17,13,13,35,13,27,14,43,34,15,17,46,14,18,47,43,48,43,17,41,9,26,15,14,27,24,43,2,19,43,35,13,34,5,13,48,34,13,48,35,36,15,46,26,39,18,45,8,20,13,25,1,46,36,9,47,20,2,25,20,6,46,9,43,19,13,15,32,43,31,13,34,17,17,35,4,8,48,48,35,34,1,34,6,19,0,19,9,25,17,34,5,20,15,20,34,19,15,19,20,36,26,13,17,13,17,27,45,44,32,15,39,13,43,17,25,32,43,19,25,34,35,0,15,13,17,39,25,4,8,13,4,45,14,47,35,34,46,5,42,30,19,15,14,20,17,17,17,8,19,22,24,35,45,20,42,8,17,13,30,36,46,9,45,39,13,2,34,34,46,35,48,30,18,17,14,45,39,17,26,15,4,18,13,14,34,34,20,24,48,17,17,8,17,11,43,34,5,5,8,13,15,25,13,17,31,17,48,28,2,14,15,18,5,35,13,45,15,20,9,32,17,34,46,39,27,8,34,15,15,13,45,5,2,46,15,27,17,48,45
34,Horizon Edge,Native,15,43,25,42,46,3,28,45,15,35,32,19,32,15,1,25,13,38,42,9,46,14,14,14,42,13,17,4,42,34,19,15,9,46,45,22,9,20,15,25,35,15,25,36,39,17,4,39,3,17,9,25,25,27,17,23,43,34,32,15,9,45,42,17,17,9,14,34,8,25,45,20,5,28,14,17,20,45,39,6,48,4,36,13,5,45,13,20,13,45,14,24,9,9,47,36,30,43,15,4,13,17,20,18,13,48,25,3,4,45,36,20,15,34,3,32,13,5,9,30,6,34,15,15,19,42,42,14,15,30,25,20,20,34,18,35,9,13,39,46,17,41,45,28,43,20,39,9,48,25,8,17,9,13,1,9,17,15,48,9,14,20,36,42,48,34,5,44,13,20,19,25,45,13,17,46,39,5,34,19,42,17,39,8,47,48,36,3,25,12,14,46,3,25,32,9,9,13,5,14,26,5,41,19,39,47,22,5,5,9,9,46,44,45,34,23,9,20,8,42,3,30,30,34,5,25,25,25,45,20,14,22,47,34,42,25,47,27,17,45,46,9,28,20,0,14,3,4,9,4,46,17,9,32,42,13,43,36,9,36,41,34,20,42,13,17,17,45,17,20,3,20,43,13,9,0,45,19,13,42,20,42,30,20,13,19,39,45,30,17,33,45,13,38,14,45,43,34,26,19,36,45,34,20,32,17,14,45,42,13,14,22,25,14,40,20,25,34,0,39,22,22,41,19,17,23,13,42,22,9,38,5,13,25,9,20,17,17,23,34,43,17,42,34,24,25,19,15,17,36,34,34,45,39,34,43,13,20,15,45,20,30,13,34,17,15,32,43,18,28,36,45,45,45,43,27,20,32,17,19,9,28,17,13,35,17,13,17,45,45,9,33,47,13,15,48,42,45,46,45,9,22,15,9,8,19,34,42,15,14,34,42,42,17,30,15,17,8,17,8,43,13,5,17,34,39,9,13,5,17,34,34,34,2,13,42,15,27,13,42,34,14,45,25,34,15,43,4,14,18,25,4,3,43,25,39,36,17,42,4,45,44,20,43,19,46,15,39,36,6,42,5,3,17,14,4,13,30,20,20,39,15,17,14,27,35,45,26,32,43,13,48,27,26,13,25,46,4,42,4,14,45,13,30,39,15,3,46,39,4,20,5,17,20,28,15,8,45,9,43,20,15,15,17,20,39,19,4,20,8,45,13,13,45,14,30,4,36,24,5,17,17,35,34,45,5,42,3,36,34,17,36,19,19,25,34,45,1,32,36,34,17,45,30,45,22,30,14,44,45,19,17,4,41,13,20,47,0,8,45,17,34,13,13,48,9,14,20,34,45,25,0,13,28,43,44,43,23,35,25,41,45,30,30,25,48,42,45,3,13,42,43,14,25,8,17,9,17,25,34,2,5,9,48,15,8,17,45,1,32,46,9,9,45,4,4,35,20,19,25,45,17,13,8,19,20,42,15,14,30,30,42,17,17,17,32,25,46,8,20,13,22,34,25,45,27,28,45,15,25,36,45,24,34,45,48,13,34,43,9,45,30,9,13,40,5,34,14,20,19,14,44,44,45,46,42,17,45,20,42,44,20,20,46,45,36,0,13,46,17,15,14,45,22,47,14,3,20,15,34,42,36,20,34,17,36,39,5,46,14,45,40,34,24,32,5,0,15,34,45,19,48,34,14,8,25,45,35,34,47,26,41,48,23,14,4,23,20,45,17,45,27,25,14,48,36,15,9,20,45,15,25,13,13,15,15,9,15,14,13,34,13,35,20,45,19,17,27,20,45,20,5,13,34,33,15,25,17,30,42,19,13,15,48,42,39,9,34,34,44,45,0,25,39,22,9,30,13,20,39,25,13,25,20,42,14,25,13,17,3,45,13,45,14,48,8,42,35,14,20,46,30,25,14,48,45,14,39,15,48,20,15,14,43,32,17,13,25,20,19,17,45,42,42,17,19,33,46,25,30,25,17,17,25,46,14,4,25,13,34,46,13,32,9,15,35,8,34,42,4,17,30,18,24,8,14,4,34,45,34,39,13,43,24,28,20,13,24,4,27,34,19,42,30,0,47,17,13,36,35,32,5,3,39,13,43,9,3,43,34,20,19,20,2,45,30,8,44,24,18,43,8,3,48,19,9,17,34,20,19,24,9,34,45,17,15,25,45,15,27,46,5,17,22,15,9,42,19,8,1,42,44,17,46,19,32,4,13,14,15,17,25,13,45,3,34,36,35,44,17,8,8,15,4,9,14,48,14,13,8
35,Aurora Nexus,Black,1,25,34,8,43,4,45,24,13,9,3,17,48,34,5,14,4,39,25,37,9,48,20,19,17,22,25,9,19,37,20,45,13,15,24,45,20,35,13,34,25,43,13,37,34,20,32,32,30,36,45,17,24,39,25,5,15,39,36,25,34,43,43,4,15,43,19,4,45,8,17,17,2,25,30,48,43,17,30,14,19,8,32,17,47,14,20,35,15,9,25,42,34,30,32,32,4,20,44,9,17,20,7,34,18,39,13,28,42,48,9,14,43,24,23,17,17,43,32,4,15,15,19,13,20,20,17,25,17,36,17,13,42,42,45,42,39,17,0,43,34,1,39,3,4,42,45,43,7,4,30,39,13,35,3,45,19,27,20,36,42,43,20,14,42,45,46,45,28,34,20,9,10,47,19,15,3,44,5,35,19,34,9,27,36,23,30,39,43,3,19,39,17,4,8,28,45,7,4,17,45,34,25,13,13,24,15,15,13,5,25,41,24,9,13,9,36,15,36,20,30,34,43,45,46,9,46,15,30,17,17,25,45,24,19,13,34,9,25,13,34,37,48,15,45,42,45,36,36,42,25,25,46,42,15,48,34,38,8,17,13,9,13,48,20,5,20,25,5,35,16,9,13,8,25,30,37,20,4,20,17,17,37,35,1,20,23,4,4,25,27,5,20,3,42,17,25,45,14,17,43,4,43,9,39,4,42,25,6,43,27,24,4,20,13,14,45,8,3,4,13,25,4,42,27,39,22,13,24,1,39,25,5,15,25,24,20,34,34,15,25,45,14,4,13,45,42,17,45,23,37,13,27,34,25,48,44,36,22,25,5,48,17,45,15,22,30,17,8,8,34,37,3,34,15,25,17,36,3,17,37,20,19,25,42,13,5,15,34,15,45,4,34,5,34,39,35,4,15,20,45,45,43,36,3,15,15,17,22,26,46,43,19,34,9,25,13,25,45,28,46,9,20,3,25,14,18,25,43,15,9,45,15,34,19,14,20,19,20,23,15,27,47,19,15,34,45,3,48,15,45,45,36,4,26,27,47,19,14,13,15,15,9,15,24,9,18,37,4,45,14,45,38,43,42,30,43,32,42,35,34,34,45,42,30,20,9,35,37,25,17,14,19,3,45,45,45,28,19,37,19,34,25,27,4,46,45,45,45,39,42,44,44,19,3,25,34,17,8,15,3,45,4,13,17,17,20,45,17,34,46,5,3,25,20,32,37,17,42,34,24,42,17,30,39,43,19,14,4,22,14,14,14,13,15,0,4,28,20,32,9,33,9,45,17,17,34,17,9,25,17,25,34,5,17,28,25,28,4,34,25,39,8,34,3,34,13,43,46,46,9,45,19,13,4,9,15,32,14,19,4,13,32,32,4,20,36,39,30,20,13,45,15,4,13,46,25,19,13,17,45,4,26,30,17,3,15,25,13,37,5,15,30,20,17,36,43,39,48,43,34,3,15,13,20,13,48,4,24,45,39,13,13,25,43,9,43,15,45,43,36,9,25,43,37,42,47,2,3,45,30,15,14,30,4,43,42,37,9,1,47,47,5,17,45,44,4,4,48,11,42,4,2,13,1,14,30,17,13,43,9,19,43,5,36,3,39,17,45,4,25,42,34,45,39,35,36,45,43,45,17,27,19,45,9,37,23,25,5,19,24,15,4,20,8,45,30,17,24,5,13,37,9,42,0,40,15,43,25,39,45,39,19,34,17,3,3,4,48,13,13,37,45,20,42,9,17,13,15,43,25,15,20,15,5,13,14,4,20,17,46,14,20,15,32,20,15,20,42,34,42,4,4,24,45,22,13,15,42,25,20,17,45,20,20,47,3,30,17,45,15,36,34,27,34,43,42,45,43,32,39,15,48,34,20,17,13,48,25,39,15,25,3,15,14,3,30,19,43,17,25,0,22,25,20,3,20,27,4,42,39,45,13,25,42,4,20,34,14,43,43,4,19,19,42,20,42,15,17,17,4,36,19,13,5,19,36,45,27,4,5,26,48,45,43,13,48,9,34,39,37,3,15,43,39,42,23,43,46,36,27,14,13,15,34,19,35,47,13,17,20,48,19,13,4,13,46,22,35,38,9,25,34,28,30,17,36,14,5,15,19,17,45,3,43,19,36,34,13,5,4,32,45,19,42,30,37,48,43,14,14,8,15,34,8,13,20,8,13,38,43,46,34,17,34,34,19,20,37,9,17,13,46,45,20,42,8,25,42,25,37,14,25,13,37,17,32,14,34,44,3,34,34,3,25,20,42,35,43,36
36,Catalyst Core,Native,4,4,15,37,45,36,48,44,43,4,20,13,36,45,9,43,25,37,19,35,28,43,43,17,14,45,3,11,41,3,17,3,44,1,25,4,22,13,20,45,39,3,37,4,27,25,3,9,4,15,4,43,43,0,5,39,25,17,20,5,47,44,17,25,34,15,43,13,25,15,34,42,43,45,19,42,19,4,17,30,42,23,4,48,45,37,41,42,45,28,15,13,27,17,4,27,36,5,17,11,35,43,19,13,43,32,5,34,13,11,13,17,46,45,17,11,15,34,34,8,5,41,42,14,17,19,19,15,3,11,3,41,41,45,15,43,45,19,13,17,25,15,36,32,25,13,11,15,19,13,20,32,4,41,17,3,43,41,14,45,20,19,19,41,14,8,4,47,4,4,14,15,15,36,41,5,45,28,15,14,14,13,3,34,34,0,32,30,15,36,43,9,11,13,11,37,4,43,3,19,17,3,34,43,37,34,46,3,44,24,46,5,28,43,4,4,27,19,31,19,4,37,13,32,43,28,45,29,3,24,13,4,3,45,13,8,18,14,4,17,3,45,39,17,35,48,30,17,32,41,43,4,43,45,43,32,1,9,27,20,4,43,45,41,42,25,34,15,4,19,28,36,22,45,22,39,34,43,39,41,41,20,39,14,9,43,3,25,32,4,30,13,41,14,13,35,46,4,41,41,48,46,13,13,13,3,19,0,37,25,42,28,17,41,36,41,20,43,4,48,15,5,23,41,20,47,45,20,9,28,42,45,34,17,5,42,47,4,47,44,4,25,9,23,35,24,41,19,31,4,8,17,3,37,46,15,3,4,3,44,25,45,25,17,43,25,8,3,45,27,32,28,26,13,25,42,14,13,39,43,23,9,20,43,14,15,15,5,25,17,5,45,48,4,25,36,41,15,43,3,0,4,45,4,32,43,25,3,25,41,3,41,43,15,34,5,42,45,32,45,15,15,17,11,45,13,15,42,24,4,24,17,9,30,20,41,42,42,34,9,45,42,9,14,18,25,17,37,20,25,5,39,2,17,22,37,42,43,13,11,13,25,15,25,42,24,46,13,40,17,48,34,32,13,19,8,42,13,19,13,36,4,34,20,37,19,13,27,34,17,8,19,42,36,15,3,5,20,13,28,43,9,5,3,36,34,48,25,3,32,14,45,45,17,39,4,27,25,15,9,47,3,17,45,43,37,15,37,19,0,8,34,34,3,41,3,30,13,43,9,43,28,20,20,30,34,20,30,8,45,19,34,42,20,4,3,17,11,24,33,20,45,36,39,4,13,14,27,45,9,42,5,13,46,43,1,9,34,27,28,18,4,37,37,45,8,42,4,2,44,46,32,42,9,34,34,9,28,19,20,11,34,17,13,5,36,43,4,9,32,19,3,41,13,46,4,41,43,22,13,15,17,32,3,45,4,41,44,43,39,15,45,39,15,11,3,20,9,43,28,36,36,43,3,43,15,13,46,43,34,27,41,25,3,19,37,15,45,25,17,48,34,15,9,13,36,25,8,22,3,22,34,19,3,8,13,20,42,0,20,43,23,3,25,20,8,20,33,41,43,30,34,20,15,34,48,4,25,25,14,24,17,41,3,11,45,45,5,15,45,13,20,43,25,45,41,23,43,42,3,19,13,41,25,8,46,48,43,24,17,15,45,13,42,34,43,47,45,15,28,14,32,20,30,9,3,4,41,15,27,25,9,41,45,7,13,11,15,43,4,46,36,34,42,43,11,19,25,45,3,3,45,42,45,45,45,8,2,42,20,5,20,43,17,20,17,20,32,43,3,43,17,20,9,32,20,4,43,19,19,41,4,25,19,3,34,13,23,4,3,13,11,15,4,15,24,34,15,42,11,34,34,45,13,14,19,43,11,4,36,34,3,36,43,13,11,17,20,19,13,13,8,44,20,41,36,11,11,3,19,9,13,48,34,17,15,14,45,13,42,20,17,43,14,43,14,13,25,15,48,45,34,20,4,45,43,11,3,43,45,3,20,27,5,25,20,9,13,38,34,9,17,22,41,4,20,45,9,4,27,45,41,4,43,45,43,42,37,39,14,32,43,9,11,27,20,15,46,19,48,1,45,11,32,3,25,22,13,46,25,42,24,46,28,4,48,32,13,48,45,13,34,42,42,24,13,47,3,17,41,19,25,45,25,42,17,15,15,43,17,3,13,45,25,2,3,14,43,9,37,13,43,4,28,43,37,23,9,19,34,9,20,45,34,45,37,9,3,9,25,11,30,24,45,45,48,36,43,19,4
37,Silver Horizon,Black,24,3,13,30,4,37,4,15,25,21,4,35,13,25,24,19,43,47,48,36,34,42,13,42,36,3,20,34,14,9,36,22,3,45,28,20,45,19,18,5,36,34,32,34,13,43,20,4,36,11,13,42,9,3,24,11,34,38,17,34,24,13,19,45,4,25,20,25,24,34,43,41,17,20,20,18,41,41,9,8,17,32,34,0,25,30,25,11,3,15,4,41,13,37,37,37,37,45,13,37,41,13,18,9,5,0,45,11,9,32,11,43,3,28,7,9,5,1,4,13,28,28,41,20,43,14,43,4,45,32,13,19,15,4,24,41,3,20,7,24,45,24,4,37,45,41,17,13,42,3,45,9,15,19,46,13,42,14,41,27,41,42,18,43,41,25,13,24,15,32,43,4,24,17,42,3,12,15,7,42,43,22,36,11,7,7,8,32,34,9,13,3,9,17,17,3,15,41,43,20,20,24,45,20,9,43,43,45,3,25,24,44,25,5,26,30,20,41,30,43,37,0,39,11,3,18,4,22,9,14,18,15,25,22,43,43,39,37,34,24,22,11,3,3,20,27,42,3,7,36,34,11,4,9,14,4,4,39,37,41,3,15,25,19,41,9,43,34,13,42,48,11,15,37,4,13,3,14,28,14,18,41,17,43,7,42,37,46,45,45,11,43,14,9,17,39,28,43,19,14,15,3,3,7,27,45,13,20,34,5,43,9,24,43,39,19,24,25,27,25,17,4,37,43,48,32,4,14,28,24,13,9,8,45,24,18,13,15,39,28,45,22,17,9,19,34,18,41,9,1,1,45,1,7,1,25,4,3,24,20,3,7,45,35,45,34,34,34,34,45,27,14,4,15,44,20,13,14,34,42,4,8,14,4,20,45,2,45,24,4,25,3,9,25,4,34,43,24,20,24,3,25,34,20,46,42,45,4,4,20,4,11,41,3,7,34,43,27,3,34,45,3,25,36,4,3,25,43,34,25,28,3,11,7,43,19,14,13,17,32,24,18,43,43,25,3,4,18,41,34,47,13,34,13,11,7,48,20,43,39,3,34,25,24,41,5,25,9,28,24,19,3,39,14,48,20,19,36,43,43,37,25,4,41,48,17,30,28,4,3,45,43,36,32,3,24,24,11,18,36,41,24,15,13,32,18,34,34,25,25,43,15,15,42,4,17,11,15,45,24,37,34,46,4,41,13,35,39,14,39,3,3,29,20,19,39,9,34,14,38,42,13,41,4,9,15,18,11,0,3,42,1,41,43,13,28,25,7,39,3,36,4,17,32,46,25,37,43,25,46,43,45,32,15,42,7,34,36,30,24,27,11,27,11,37,3,41,44,17,15,45,39,20,36,3,24,45,9,42,42,30,44,36,34,45,18,17,38,11,8,48,15,25,22,45,34,45,20,4,15,25,45,39,37,3,36,42,15,25,4,44,20,25,4,34,8,17,45,42,34,3,13,25,43,42,25,15,45,35,4,37,17,18,4,42,27,7,43,3,18,23,24,45,44,42,37,7,32,45,15,28,44,20,37,9,42,24,3,7,3,28,36,34,3,3,34,15,9,15,42,18,13,3,25,15,41,37,3,45,48,34,42,18,43,47,23,9,4,34,25,20,19,3,20,34,43,11,4,41,25,35,45,43,15,28,7,0,28,7,20,34,17,3,43,9,15,9,13,44,24,41,39,3,19,3,7,5,15,45,25,15,32,13,7,41,30,39,24,25,24,43,17,15,18,20,13,41,4,4,18,4,13,18,34,25,25,3,25,24,3,45,19,18,43,37,42,3,3,13,22,19,45,9,7,20,25,3,18,43,20,43,22,17,13,37,4,2,47,15,15,5,45,24,11,5,15,11,25,17,37,45,18,7,45,41,20,17,39,24,37,24,15,7,41,19,9,39,30,41,43,24,9,4,4,18,39,15,13,45,14,7,20,18,3,3,13,18,46,17,13,41,25,24,41,15,18,9,34,13,7,13,18,42,46,24,42,45,1,42,13,15,43,7,34,45,41,0,45,3,30,11,11,44,27,7,41,32,45,34,13,4,42,24,42,13,41,19,3,48,20,30,42,20,39,17,4,45,45,18,11,4,34,2,23,17,15,34,9,13,13,14,41,32,37,25,18,39,28,43,9,25,3,34,14,13,39,20,37,19,18,42,3,13,20,19,45,4,24,34,7,17,22,15,3,25,32,41,15,32,22,41,20,45,25,42,3,37,5,41,24,11,41,4,24,36,3,13,16,5,3,36,39,46,22,44,42,41,18,41,17
38,Starforge Initiative,White,28,15,24,19,13,28,36,18,22,17,16,43,3,13,18,20,18,7,17,3,5,41,17,43,5,43,15,37,48,19,43,34,15,44,5,24,7,18,19,24,30,45,35,9,8,45,36,30,8,32,3,41,7,4,4,45,44,4,13,4,15,4,35,46,3,13,18,43,4,45,4,18,28,37,43,13,5,3,32,4,13,34,7,7,28,42,42,18,28,24,28,18,39,11,7,11,11,25,24,39,5,42,48,36,4,3,3,45,37,37,19,5,25,25,34,39,45,7,19,19,34,25,20,42,5,41,5,17,22,34,5,48,14,9,17,19,8,41,23,15,4,4,35,34,28,43,37,4,41,43,3,11,28,20,9,4,20,18,5,1,19,14,41,15,20,3,28,34,37,16,5,43,17,45,43,45,19,34,46,43,13,3,42,45,32,9,4,7,5,39,42,17,13,46,23,45,17,19,46,43,15,45,7,41,4,9,4,24,28,34,43,43,46,34,45,8,11,43,16,14,13,45,34,19,24,45,17,45,39,5,43,5,17,28,14,15,7,11,46,34,25,25,27,5,19,5,37,7,15,23,17,7,13,27,13,20,17,19,7,42,45,4,46,36,14,34,4,17,45,43,11,32,25,39,45,23,4,18,45,17,43,18,34,5,37,41,42,15,11,5,3,34,5,39,5,11,22,17,43,43,18,24,15,27,9,43,43,9,7,17,5,43,13,18,20,5,17,28,8,23,4,15,7,14,42,17,9,18,7,34,4,34,3,4,45,19,45,25,32,43,13,46,43,14,41,15,43,42,4,30,28,4,19,42,15,45,28,13,17,13,43,9,3,25,25,13,11,13,30,18,37,3,19,28,28,19,41,4,36,20,20,30,43,28,19,4,3,25,15,13,22,25,25,45,45,3,17,13,25,25,11,28,4,32,39,5,28,9,3,18,45,19,48,43,36,24,5,3,4,37,4,4,15,20,13,4,34,18,25,3,5,28,45,39,41,25,43,5,25,37,4,43,25,41,45,45,3,0,43,45,15,36,7,15,36,13,7,18,18,30,4,43,4,3,18,34,3,32,8,15,43,25,17,42,13,45,20,4,18,18,19,28,24,43,7,42,34,3,45,24,28,18,18,12,43,46,17,13,43,48,42,4,34,11,37,45,37,17,0,30,26,25,3,41,36,34,17,3,43,45,19,4,24,3,18,11,42,13,18,27,4,28,45,24,43,4,32,19,20,25,19,39,5,7,11,44,43,25,19,37,18,3,5,5,28,17,24,39,11,45,11,24,37,3,25,4,8,41,28,34,5,13,27,45,19,19,4,3,19,43,37,7,3,7,34,35,18,3,25,3,15,36,41,37,45,25,24,39,20,43,36,24,39,11,15,41,19,37,19,7,14,13,18,17,25,24,24,5,8,4,13,25,3,19,24,32,20,7,5,3,24,43,45,3,30,34,14,27,5,44,39,19,3,4,48,24,43,3,18,36,11,43,43,45,14,45,34,22,28,5,11,4,4,4,48,9,30,39,11,24,7,17,43,36,1,19,18,36,34,13,15,9,45,45,37,25,25,11,42,20,25,3,15,24,24,43,24,13,3,5,28,5,42,15,17,7,3,43,24,28,3,5,25,4,27,19,12,13,20,43,15,3,48,28,4,8,13,34,4,42,9,24,15,41,3,9,20,25,28,7,20,20,7,18,36,42,25,17,28,11,34,36,5,9,18,37,34,3,6,28,4,8,4,19,41,7,42,15,3,13,1,17,15,25,13,28,23,45,18,25,28,41,41,19,19,43,28,7,18,25,7,25,45,15,39,4,45,19,15,5,5,5,3,41,30,17,4,4,25,4,24,8,7,13,28,7,9,4,19,27,42,25,28,3,5,18,4,2,15,4,25,24,23,20,18,13,32,41,5,5,4,32,13,34,35,34,43,1,22,5,4,3,43,8,39,43,43,17,43,41,42,34,5,43,18,43,4,5,24,38,34,7,43,45,15,41,7,17,15,24,24,18,3,43,10,5,37,24,39,20,15,39,34,18,45,17,7,24,13,32,13,20,9,19,11,14,43,11,3,41,27,5,5,8,3,19,13,25,5,36,11,24,20,3,36,5,8,32,25,4,43,43,39,14,28,43,4,7,19,46,3,36,9,41,43,36,13,39,41,20,18,13,25,13,41,5,3,3,4,36,45,28,24,45,3,4,20,18,7,4,20,24,24,34,14,7,47,28,18,7,2,19,24,25,30,39,37,9,7,28,19,14,9,9,34,43,5,41,20,3
39,Luminous Drift,Native,25,46,4,11,24,45,8,3,24,8,19,3,4,4,45,42,3,4,43,34,25,20,18,41,3,28,28,19,43,11,41,7,4,24,27,17,11,42,41,7,4,7,9,39,3,4,8,11,7,4,25,19,28,20,7,47,28,45,3,3,25,5,5,24,25,28,17,7,7,24,3,3,25,36,42,41,42,25,3,45,5,28,42,34,7,11,17,43,25,25,45,3,32,20,45,25,34,3,4,32,43,35,42,23,7,7,4,17,3,23,28,19,13,3,32,13,3,25,37,36,45,45,5,18,48,18,13,28,24,27,45,43,3,13,3,3,48,5,36,7,3,3,11,19,13,14,9,25,18,17,4,3,7,3,20,17,41,43,42,20,3,18,5,18,18,15,45,28,30,11,3,24,25,9,18,28,17,18,9,18,20,24,32,7,4,3,1,36,24,48,20,37,8,24,4,34,43,3,34,41,28,25,24,18,28,3,3,43,45,7,3,34,7,28,24,7,30,18,11,41,27,19,11,7,25,43,3,4,19,3,19,28,28,4,41,4,9,30,3,25,28,4,32,25,3,43,11,9,11,13,28,18,45,4,3,37,25,45,19,18,25,25,24,20,19,4,7,4,43,5,8,34,7,4,17,3,9,35,9,5,11,43,28,18,11,17,11,3,7,28,19,25,43,37,41,4,34,25,20,5,19,15,7,19,45,15,20,7,16,45,18,45,5,19,3,18,4,7,45,9,25,28,1,18,41,4,34,17,34,4,47,24,45,24,15,43,19,45,37,7,44,3,20,3,18,4,5,43,25,20,7,15,39,3,28,34,9,7,4,17,4,4,15,13,34,3,36,4,4,11,29,36,9,43,7,5,3,37,37,3,3,32,42,24,41,34,28,34,7,25,28,15,39,28,28,11,5,17,24,28,37,7,46,27,16,3,3,19,45,19,24,14,3,4,37,46,18,7,20,36,5,28,4,4,20,19,7,20,3,24,45,4,28,9,18,43,5,20,4,30,13,19,7,17,3,13,24,7,3,3,24,30,4,25,3,3,3,42,19,8,34,28,7,4,43,4,45,19,19,25,18,7,25,41,5,3,3,48,5,5,11,9,7,5,17,41,3,11,3,15,7,5,20,4,24,4,25,19,17,2,13,15,3,17,38,25,2,4,36,14,19,7,13,5,7,45,45,43,7,4,4,25,13,7,3,36,5,3,42,3,7,4,37,17,5,46,45,7,5,24,20,8,18,45,42,24,15,17,7,19,3,39,17,42,17,11,28,8,45,13,7,7,11,4,3,45,45,3,1,5,18,7,11,34,41,37,24,19,28,6,20,30,25,19,30,32,3,24,24,4,34,28,14,17,28,28,28,11,41,35,7,15,7,17,3,5,18,36,34,3,43,4,5,5,24,3,15,14,28,24,24,20,11,20,44,17,43,34,7,27,4,28,36,24,13,25,3,4,20,45,32,42,28,25,41,4,14,17,5,19,47,5,5,28,41,36,28,25,4,15,7,25,28,34,7,45,20,7,7,4,17,7,18,9,7,41,5,45,32,36,25,7,4,4,11,28,3,7,3,17,5,24,7,48,25,5,19,24,28,36,45,41,17,45,32,9,34,3,7,24,4,3,24,13,32,5,20,46,48,28,43,9,17,13,36,45,9,24,6,3,3,25,7,3,11,28,3,4,3,18,42,7,27,41,39,37,9,18,3,36,3,19,3,37,43,9,4,28,7,43,28,0,26,43,14,8,43,24,22,4,24,4,19,17,24,7,34,34,19,24,7,5,5,3,23,3,46,39,41,7,18,22,24,25,11,17,9,5,18,43,17,45,7,3,8,36,27,19,7,46,34,7,3,7,45,25,33,28,3,9,7,24,43,25,3,5,28,45,28,23,9,28,30,19,5,32,11,43,18,18,3,25,15,45,42,7,5,36,28,20,13,4,41,7,4,24,42,4,41,18,19,15,41,48,41,42,35,9,28,11,3,3,41,3,4,18,20,34,18,15,28,5,34,24,3,19,4,28,11,36,3,9,43,20,34,5,3,15,24,28,17,18,3,18,25,42,3,19,32,18,25,20,41,9,32,11,3,15,3,3,19,3,7,0,19,24,37,45,7,24,5,42,7,8,13,5,37,17,42,4,24,19,47,3,41,32,45,13,42,17,5,45,20,24,5,24,13,46,25,9,28,24,28,7,45,11,13,3,11,11,19,4,28,7,41,9,39,17,3,28,7,43,3,28,13,19,45,25,25,5,39,11,4,17,47,19,18,5,18,28
40,Alpha Wave,Asian,3,7,45,28,7,19,11,25,7,3,39,42,45,24,28,31,46,11,41,22,4,18,41,5,31,24,45,3,20,39,3,11,24,34,7,15,32,43,3,44,3,28,7,45,7,24,19,8,32,37,15,3,3,9,15,4,3,37,45,45,43,11,41,28,28,45,5,45,28,2,13,5,7,33,5,19,31,46,7,17,3,19,45,9,15,36,18,5,17,4,11,31,30,3,8,3,42,4,28,41,18,41,41,37,3,45,7,39,20,3,7,18,45,4,11,34,4,4,11,28,30,7,18,3,3,25,3,7,4,7,4,42,13,37,28,17,19,42,3,25,22,28,3,30,24,5,30,11,43,28,9,4,45,43,42,7,14,19,15,7,18,31,42,20,3,28,7,4,7,3,41,13,28,37,48,4,4,7,4,3,31,25,11,19,39,8,7,19,4,45,41,4,4,3,30,36,13,5,45,42,24,4,30,31,0,28,11,4,11,1,30,3,45,4,25,45,32,42,9,18,45,3,8,30,4,24,28,18,28,42,5,24,24,25,3,28,19,34,15,15,7,19,7,7,8,18,8,37,13,9,24,3,28,19,19,19,45,3,13,19,17,3,3,18,18,24,25,5,28,18,36,45,3,28,46,11,32,3,37,19,3,35,36,31,36,18,13,34,37,7,39,7,19,11,18,0,4,28,42,42,3,13,25,3,17,11,31,32,4,4,41,34,3,5,19,43,15,3,36,45,3,45,11,13,18,8,19,5,30,30,9,3,24,28,34,31,3,3,45,24,15,7,3,36,42,9,3,18,3,3,13,28,4,32,4,28,7,41,7,7,28,39,11,7,3,45,19,24,39,3,3,8,37,7,24,43,18,11,7,5,34,16,18,11,3,28,4,11,30,46,7,28,32,24,11,37,31,5,11,4,32,24,7,25,11,31,43,7,7,42,28,31,31,28,4,4,3,14,19,7,24,7,45,45,28,7,4,31,45,28,47,13,20,11,5,5,41,43,28,34,3,3,24,31,11,4,13,36,18,11,4,11,27,45,39,34,39,3,17,20,11,24,28,7,20,25,24,4,34,3,41,11,7,25,18,39,5,37,3,42,17,7,20,31,23,3,19,37,30,45,25,3,43,11,25,13,28,3,35,45,18,3,24,32,28,7,39,11,37,37,5,3,4,43,9,7,37,34,13,25,8,24,25,11,42,3,41,9,5,17,15,7,11,11,31,28,13,12,25,28,41,37,43,18,4,28,41,20,11,9,41,7,18,18,3,45,15,15,37,4,4,25,35,19,34,34,39,31,34,30,20,11,9,4,35,30,3,45,36,15,3,3,45,17,7,36,5,17,45,28,3,19,18,0,8,15,3,3,18,5,8,7,9,37,7,3,3,3,4,37,31,7,3,45,28,7,28,18,3,45,8,3,37,4,7,45,31,24,24,23,3,4,11,25,19,30,31,17,35,7,11,32,24,45,18,11,31,25,42,7,7,19,31,11,18,7,4,7,17,3,39,3,7,7,8,15,9,11,38,17,45,4,42,45,11,31,14,19,11,19,4,45,11,43,7,24,43,3,5,41,19,11,24,4,4,18,27,44,15,41,7,31,19,24,7,13,4,24,3,15,24,31,22,15,28,18,13,3,3,13,3,4,18,11,3,13,4,7,34,43,43,3,45,19,45,24,11,11,45,43,5,3,23,3,45,30,7,19,24,9,30,48,35,36,31,19,37,13,28,11,34,28,11,3,31,30,31,3,43,17,13,7,5,4,28,17,11,17,43,11,15,42,3,18,9,31,4,45,3,20,41,11,25,45,7,7,24,31,20,41,42,25,4,31,36,7,19,36,13,17,4,4,45,45,30,28,4,24,31,14,9,7,34,24,48,42,20,3,34,32,4,11,9,18,43,20,33,3,13,19,7,7,45,9,17,19,41,34,46,31,42,43,42,11,28,45,5,13,3,14,18,24,3,20,3,31,3,30,45,36,17,30,36,11,25,24,19,28,41,5,25,3,37,28,7,31,45,7,13,9,4,36,24,42,36,43,0,7,3,14,32,5,5,25,19,31,41,0,45,5,37,3,18,34,30,37,11,24,31,37,14,11,37,19,32,11,4,4,45,7,41,20,8,11,15,42,3,35,31,24,34,45,43,43,5,4,11,45,5,5,7,7,28,4,20,7,11,4,7,34,24,4,7,4,11,0,5,41,19,45,5,45,15,24,48,19,32,24,31,5,25,18,17,11,4,11,4,42,30,24,4,19,28,32,30,5,3,19,42,13
41,Nova Field,Black,17,45,43,9,3,30,39,30,45,11,34,41,19,39,3,41,7,34,3,7,7,1,3,3,41,4,24,30,1,23,31,4,45,28,4,25,4,41,31,28,11,25,45,11,9,15,37,12,37,45,28,18,46,46,28,8,24,0,28,39,37,24,14,1,24,11,1,11,13,11,7,24,24,19,3,43,27,15,4,3,43,36,11,4,24,3,43,41,24,7,17,20,28,8,27,8,3,28,7,18,3,1,43,3,24,36,17,37,19,28,0,31,4,30,13,19,11,30,3,34,17,24,14,5,42,3,1,11,39,14,7,1,18,47,11,1,13,18,4,28,24,7,42,7,18,3,34,3,1,24,39,7,25,31,37,15,3,1,18,4,31,41,17,1,1,7,24,3,9,47,48,45,39,19,20,24,34,4,30,5,5,45,5,26,19,34,28,11,37,19,5,34,7,7,9,19,28,31,7,31,7,17,28,5,32,45,24,25,24,28,37,37,9,37,7,39,37,1,28,13,11,4,7,21,34,3,11,28,8,43,42,11,15,37,1,45,3,7,39,7,45,20,8,4,37,41,9,39,19,39,39,36,3,20,1,9,24,1,36,43,24,7,4,1,43,28,3,11,11,1,4,37,39,19,11,19,8,41,11,18,42,5,4,42,17,5,4,24,19,13,7,11,42,34,1,7,30,13,18,3,1,20,45,23,7,13,5,34,11,28,3,15,45,42,45,3,28,45,20,37,28,3,9,15,5,45,42,3,15,25,30,7,25,13,3,13,9,28,9,4,24,28,1,45,31,7,14,3,11,7,45,25,9,19,3,7,45,34,45,39,13,36,39,28,28,39,45,25,32,37,8,34,23,3,45,3,31,45,42,31,42,45,3,34,31,24,43,28,43,3,4,7,36,7,39,30,19,11,4,13,7,39,30,34,48,41,37,8,11,43,25,1,18,24,13,28,31,11,28,3,3,34,3,19,7,2,37,41,28,34,7,15,19,19,3,18,35,1,45,28,17,31,34,18,17,24,25,11,19,39,7,19,37,28,4,45,11,5,31,3,24,30,24,22,17,37,28,7,3,43,5,15,34,31,41,9,41,3,36,31,42,3,25,18,3,5,28,9,7,11,4,1,41,34,44,7,11,36,31,9,20,37,39,4,17,4,4,24,7,13,31,37,24,35,47,3,39,24,4,3,9,28,45,28,31,30,31,30,43,11,39,15,9,48,3,37,19,3,18,7,18,3,42,28,3,3,17,34,9,11,25,4,20,31,45,9,39,36,19,39,3,15,19,7,7,28,32,42,37,7,41,28,39,28,1,34,28,39,17,46,36,45,36,4,4,17,43,28,3,36,24,9,43,34,25,37,4,30,5,1,34,3,3,7,34,42,41,17,36,19,18,11,1,39,11,13,30,1,24,25,28,7,19,28,11,37,5,3,3,34,45,13,13,28,8,19,42,3,41,24,22,9,4,24,17,28,3,24,31,32,4,31,42,34,5,20,9,11,39,1,4,37,24,37,32,34,45,3,9,13,3,24,41,4,3,1,3,9,4,39,24,19,25,46,9,4,11,37,43,31,31,39,25,3,28,3,9,15,24,31,37,43,5,25,3,30,32,11,28,7,44,1,11,11,37,31,45,15,19,11,18,19,31,17,32,19,19,30,15,18,4,39,39,5,19,30,37,3,37,4,3,11,11,43,4,4,39,31,39,48,9,11,18,4,5,39,9,11,24,15,7,9,5,17,5,32,20,28,25,7,7,24,1,7,39,4,7,3,3,7,3,3,42,42,11,41,45,36,11,28,17,28,28,46,48,3,17,20,41,18,3,3,28,5,19,3,28,9,11,25,3,3,44,8,7,34,28,7,1,4,23,11,15,4,1,41,3,34,13,19,3,1,19,31,42,34,7,42,20,41,22,11,7,11,3,11,31,3,24,43,11,25,19,24,48,7,1,11,5,17,3,3,48,1,19,35,34,24,7,19,11,11,3,15,13,48,30,4,20,39,39,19,4,37,24,1,23,17,30,26,8,13,7,19,9,18,9,4,15,3,19,1,25,3,8,1,31,45,9,42,39,1,17,17,34,7,25,11,41,45,17,15,30,30,11,39,45,19,24,28,18,5,11,39,24,13,23,19,5,3,11,11,19,31,3,37,3,4,18,42,43,15,4,11,18,25,24,7,3,3,25,7,4,28,24,7,3,5,48,3,18,25,7,17,3,11,3,4,5,4,19,31,28,7,8,0,19,37,4,7,34,37,7,11,24,1,14,48,14,11
42,Arctic Flame,Black,39,24,7,4,39,32,37,4,39,37,30,44,9,7,34,3,11,0,18,45,3,5,42,44,20,17,4,32,18,4,5,39,11,3,3,30,36,1,1,22,9,24,36,7,20,30,45,13,13,7,11,5,34,32,11,3,11,19,48,28,30,39,31,34,13,7,41,24,15,3,30,1,11,9,31,1,14,7,36,37,1,3,35,45,3,7,31,19,18,37,3,5,4,0,9,7,40,30,11,45,42,5,1,45,11,20,34,19,23,34,30,41,30,43,37,30,30,39,42,32,24,37,3,1,41,5,24,30,11,9,24,3,43,36,7,31,11,1,37,45,11,34,19,17,15,1,19,30,3,45,28,19,30,1,11,24,1,44,31,30,44,3,43,19,19,13,25,37,3,39,31,11,44,7,1,11,26,39,24,41,18,30,18,37,11,19,20,37,7,4,1,8,45,9,7,4,39,44,13,1,30,39,39,14,7,4,7,7,4,15,28,30,34,24,3,32,7,17,4,44,26,11,37,35,30,30,15,3,11,18,41,3,39,7,44,39,20,20,7,3,4,36,19,28,32,19,13,22,34,19,7,19,7,0,18,3,7,4,34,31,7,30,7,5,3,37,30,7,3,17,39,3,45,17,28,36,35,1,23,1,19,14,3,3,3,3,30,2,3,11,48,3,3,4,20,32,24,39,1,20,41,39,28,37,30,7,18,36,45,3,31,7,11,3,30,1,11,39,9,3,30,43,20,44,1,36,11,41,39,15,7,28,4,11,7,3,39,11,19,30,30,11,31,39,1,30,15,31,20,37,11,3,13,4,45,4,39,37,11,11,30,34,28,3,24,4,9,45,37,17,11,4,7,24,3,18,5,7,11,44,11,19,5,30,43,39,30,24,28,7,24,43,3,11,7,17,20,39,28,30,28,5,3,30,7,1,30,37,17,5,17,18,14,13,3,37,19,37,37,4,28,11,7,48,30,34,24,5,7,30,43,7,4,37,35,20,44,3,39,36,7,1,37,3,24,39,5,13,42,7,28,37,19,24,9,4,45,1,41,37,30,45,13,20,31,30,7,3,9,39,3,9,11,3,43,34,14,11,31,41,4,13,28,13,36,31,11,25,11,4,20,42,44,37,28,15,3,39,3,8,31,28,4,37,34,30,7,15,27,19,1,24,30,3,19,24,3,39,24,30,11,2,7,15,44,7,1,43,3,19,28,30,30,30,17,11,34,11,1,46,31,7,1,3,35,7,5,19,32,36,43,32,43,41,24,7,43,19,7,14,13,28,39,0,24,3,19,44,7,4,3,4,17,37,31,4,39,11,39,4,32,37,4,8,11,18,20,7,4,25,7,11,1,30,15,3,25,20,31,41,3,4,45,19,30,44,44,32,37,39,5,30,43,7,4,30,37,42,30,28,4,11,36,39,4,19,18,43,28,18,37,30,37,7,32,37,1,38,18,15,8,37,5,20,3,7,44,5,3,25,3,3,1,7,3,11,37,4,11,41,9,15,3,39,36,32,4,22,14,43,32,30,5,7,30,5,41,11,36,31,3,34,30,28,4,45,7,34,18,3,41,30,39,46,30,13,34,28,30,19,41,18,31,30,39,48,13,39,11,3,11,18,28,30,9,44,34,30,18,24,1,7,3,30,27,32,11,9,30,31,7,30,28,18,13,7,19,7,1,3,43,9,36,31,32,11,3,1,4,37,4,3,42,11,42,0,27,17,37,7,3,4,30,41,19,34,3,11,30,24,28,39,31,11,7,39,32,28,31,39,37,18,19,1,36,18,7,11,1,4,5,24,17,28,28,30,15,42,5,44,44,24,13,42,4,11,25,37,39,28,17,37,4,19,37,30,3,11,41,7,36,4,24,11,31,3,11,4,39,13,30,17,11,42,41,39,47,5,1,42,45,17,11,7,43,20,42,20,34,18,45,7,31,39,36,25,3,30,1,31,5,7,18,5,1,5,11,3,4,46,8,4,1,17,30,5,3,13,5,28,4,42,11,4,11,3,11,30,9,10,7,19,28,1,16,31,37,30,11,9,3,43,11,41,39,5,14,34,19,3,7,41,1,20,2,3,7,30,44,28,3,4,36,4,9,28,47,7,30,3,13,1,9,7,11,31,34,3,1,7,39,39,37,5,18,7,9,30,13,43,41,28,24,7,43,4,7,30,39,30,4,30,43,15,39,37,18,1,30,17,1,28,25,37,18,45,7,30,27,39,45,3,39,39,7,13,11,8,28,45,9,7,37,7,28,44,1,3,1,9
43,Infinity Loop,Asian,45,11,30,34,25,9,32,39,30,34,11,18,7,30,7,18,45,3,5,11,39,31,5,31,18,39,13,17,3,30,42,37,28,11,39,28,34,31,5,4,42,13,3,3,36,37,9,37,9,48,24,44,39,19,39,9,4,11,34,30,28,37,16,7,11,3,3,17,30,28,11,44,4,7,1,44,1,24,37,11,41,39,39,30,37,19,1,3,7,30,24,35,3,36,39,28,27,7,25,19,16,44,31,39,39,11,11,13,30,39,42,16,11,1,4,37,7,28,45,11,4,4,44,44,31,16,18,45,30,37,39,44,1,19,25,44,32,44,25,11,28,25,34,45,3,31,7,7,31,11,37,45,24,42,30,11,16,31,44,37,16,44,16,31,31,39,15,39,19,37,44,30,3,34,3,39,9,11,11,17,1,11,30,36,3,37,19,45,45,11,18,30,34,11,3,7,24,20,30,18,3,15,37,1,19,5,45,39,39,30,15,11,30,7,37,19,3,16,39,5,39,7,27,3,11,11,39,30,36,41,1,30,20,41,18,3,36,45,11,37,39,18,34,39,7,1,34,25,20,7,3,45,11,3,5,30,30,28,28,5,15,24,37,3,5,45,24,28,30,41,45,19,28,3,7,34,11,31,7,16,5,44,8,1,4,1,45,39,36,3,4,28,18,25,3,37,7,24,31,16,5,30,39,11,34,34,16,19,9,7,11,37,37,31,11,31,7,11,37,30,39,39,36,16,16,7,36,1,4,37,37,11,7,34,37,1,11,13,7,3,7,37,16,37,3,46,44,44,36,9,3,39,11,27,37,24,25,32,30,3,39,37,5,37,11,11,37,37,19,32,45,19,11,37,37,16,44,8,32,15,25,36,1,39,18,3,45,37,11,11,37,34,37,20,17,13,44,3,45,7,42,11,24,37,13,16,24,39,28,31,37,16,13,11,19,30,20,16,34,19,39,39,30,9,3,36,39,44,15,7,30,25,3,23,16,44,3,18,24,7,39,16,4,1,30,37,11,19,1,28,34,3,32,39,34,11,20,16,5,7,7,11,3,39,3,7,9,30,45,11,16,28,20,1,31,37,31,8,44,44,0,39,39,16,34,44,8,4,13,30,24,20,31,30,7,39,15,37,41,19,1,22,11,9,7,24,28,7,11,45,3,4,7,44,32,37,9,7,28,28,32,13,3,30,1,45,18,8,16,9,37,24,4,4,1,7,14,9,41,37,16,4,31,9,37,45,16,13,39,30,31,11,3,44,37,36,18,3,22,34,37,39,34,13,28,24,11,1,30,37,1,30,45,3,44,17,15,9,7,3,45,9,34,42,39,37,16,30,39,7,39,4,3,3,11,4,37,36,3,16,37,37,37,3,37,31,31,9,8,11,1,37,31,11,7,11,11,3,45,3,11,24,7,8,30,30,19,28,39,11,7,39,4,11,37,29,5,30,1,4,9,0,11,39,44,3,5,37,1,39,20,16,41,39,31,19,3,37,37,31,3,45,9,28,3,4,11,28,34,11,47,22,3,39,48,18,43,7,19,37,30,4,39,30,14,30,45,32,19,1,3,37,4,7,5,1,3,7,11,3,11,1,1,28,4,19,37,7,30,43,37,16,7,3,11,25,7,39,5,37,5,39,16,7,11,9,7,4,28,16,37,46,30,35,7,4,7,30,7,25,44,36,4,17,37,47,24,44,5,4,11,7,44,3,1,36,7,39,4,39,30,3,7,5,1,45,18,37,11,28,46,5,44,28,4,3,20,11,41,4,30,31,1,16,8,15,11,4,5,24,44,30,39,4,4,37,28,41,16,16,18,39,20,44,48,32,7,39,37,7,39,9,37,37,4,45,32,9,5,17,19,28,30,39,16,16,45,36,37,0,39,30,39,16,1,30,19,31,42,44,17,45,24,19,5,32,1,45,13,44,27,28,16,13,9,39,41,28,18,44,35,37,31,16,16,41,37,11,3,4,7,20,44,28,7,3,25,37,1,30,30,41,19,30,34,44,13,11,7,45,45,7,4,44,19,44,39,11,25,19,20,3,7,5,3,15,1,8,20,31,13,17,43,4,11,36,4,4,1,4,39,17,4,37,8,4,39,8,39,37,3,31,19,9,30,44,7,9,3,39,28,37,11,35,1,23,32,11,44,3,3,39,7,39,3,30,30,37,45,32,7,45,30,37,7,38,44,14,20,38,43,39,39,3,1,20,25,3,16,3,28,5,7,4,11,36,3,11,39,4,7,9,30,19,4,31,43,1,44,37
44,Luminary Rise,White,7,30,11,13,11,8,34,28,37,45,9,16,34,28,37,1,24,19,38,19,30,3,44,18,1,11,39,25,5,8,18,28,30,37,34,11,37,5,43,3,37,39,11,18,11,39,39,19,19,3,7,16,4,11,3,19,30,13,37,11,7,28,44,30,39,30,16,3,17,7,37,16,37,3,41,38,44,30,34,36,16,11,30,19,39,9,38,31,30,34,37,44,11,7,11,45,7,39,39,34,44,18,3,30,28,27,39,30,11,30,25,38,37,39,20,45,39,24,33,37,37,46,1,31,18,43,41,24,34,19,11,31,44,0,30,16,30,16,32,4,37,45,27,9,11,16,32,28,16,15,11,34,37,16,27,25,31,5,1,32,1,1,38,44,16,24,39,30,11,19,42,3,37,4,38,20,36,37,39,31,44,4,7,4,14,36,3,8,11,34,38,36,36,39,45,11,37,42,39,44,11,28,11,16,30,7,30,37,37,4,39,28,3,11,11,42,45,5,20,16,9,39,45,20,39,4,24,39,32,44,31,17,11,39,5,7,45,8,37,11,17,32,37,11,11,31,14,8,45,45,30,39,24,11,44,7,3,7,39,44,11,28,28,38,38,11,39,37,37,38,9,22,37,7,24,45,7,42,32,43,31,16,9,41,34,44,9,37,39,24,45,24,1,17,43,30,15,7,44,44,31,37,24,45,37,30,38,11,36,39,20,3,28,1,7,17,13,24,32,34,7,37,3,38,3,37,7,16,45,11,3,37,37,3,30,16,4,7,8,37,39,39,18,7,16,37,20,5,7,11,4,24,37,11,30,37,15,45,37,28,11,11,24,39,37,37,4,11,36,19,7,0,39,39,34,31,42,39,9,18,18,4,31,7,44,43,11,3,9,28,34,24,7,39,3,7,3,7,3,37,4,30,11,28,37,44,4,32,13,44,30,38,16,7,8,3,41,9,9,13,7,30,28,37,24,11,3,3,4,37,39,30,7,8,31,3,31,16,30,3,11,38,28,5,39,7,30,20,38,30,3,1,11,11,37,36,4,38,1,0,28,39,39,11,44,39,4,11,37,28,20,4,27,5,1,7,38,19,35,19,3,24,11,44,32,38,37,7,9,37,3,16,38,7,39,28,37,45,44,3,44,25,45,8,11,37,41,30,4,11,41,30,39,1,17,28,4,4,11,34,36,11,28,5,5,19,43,19,41,2,22,45,28,7,42,9,28,8,38,30,1,45,19,39,32,30,1,37,37,7,1,9,44,3,30,8,30,37,34,37,32,13,4,1,11,39,36,18,39,3,44,39,3,7,3,3,7,37,37,7,19,32,7,3,20,7,38,11,7,24,28,3,16,11,39,30,7,4,38,18,42,11,11,45,28,16,1,7,26,36,41,25,44,24,3,25,7,31,11,37,39,15,34,34,28,1,3,30,4,20,30,37,7,17,3,39,16,19,3,11,19,4,30,37,1,39,1,7,41,9,22,44,20,30,44,39,5,30,15,44,37,28,39,30,1,3,39,37,37,7,19,3,16,19,19,20,1,30,37,11,34,39,24,37,8,11,39,36,38,18,43,5,28,37,11,38,45,11,39,44,3,44,14,39,19,42,7,15,4,11,28,17,15,37,36,16,4,7,1,39,44,37,1,24,7,11,34,3,25,44,30,28,17,1,4,34,36,37,26,34,1,45,13,44,19,9,34,5,13,3,39,34,43,39,3,26,19,37,3,25,25,11,39,44,18,37,5,7,24,11,45,37,38,39,37,37,37,37,44,28,43,43,44,31,39,44,37,30,16,15,16,7,37,39,37,45,37,38,44,31,16,11,24,1,9,28,37,3,24,24,7,19,30,34,24,37,37,37,14,19,38,3,37,28,17,1,37,19,11,11,7,39,4,44,31,36,9,18,44,1,11,3,3,39,1,13,18,37,39,3,30,11,3,28,11,3,31,7,31,1,16,30,44,3,44,38,7,4,37,37,28,19,5,39,39,16,37,7,31,11,7,44,36,11,30,42,7,39,8,37,42,8,3,38,11,1,1,28,39,45,11,31,28,16,9,44,16,32,11,44,9,16,44,7,37,34,24,39,20,34,37,39,14,7,38,7,7,20,3,11,44,3,27,45,7,3,1,37,38,37,30,9,8,1,25,3,19,9,31,1,44,24,3,15,16,11,39,25,28,37,15,3,13,44,37,45,16,38,34,30,44,37,11,30,44,30,36,11,44,37,42,16,30,15,9,28,48,13,37,30,27,4,3,37,7,41,44,38,5,34
45,Celestial Pulse,Native,11,37,28,3,20,34,7,37,28,39,36,5,30,9,39,38,37,28,16,30,15,38,1,16,43,37,30,48,31,20,44,17,39,30,37,39,39,16,42,30,7,4,39,42,32,3,11,42,39,39,17,1,11,7,45,37,37,7,4,7,39,25,1,39,7,24,31,30,39,37,24,31,39,34,18,16,3,11,11,7,31,9,3,37,34,39,5,16,4,43,7,1,19,45,19,4,0,24,30,3,19,38,44,19,45,8,37,9,45,9,32,42,7,11,9,7,24,3,36,7,39,11,31,43,38,1,44,3,28,4,28,5,5,7,39,14,7,43,30,39,13,37,9,4,37,18,36,24,44,37,7,37,17,44,4,39,44,3,3,13,38,38,44,5,43,11,11,7,45,7,1,39,4,3,5,17,7,25,28,44,38,7,19,30,37,11,34,34,28,37,3,11,32,37,19,20,30,1,24,3,4,7,3,44,11,30,28,11,7,37,4,7,37,25,30,28,4,31,7,31,17,9,19,36,37,37,13,37,34,31,3,37,4,3,31,24,37,3,28,4,11,34,36,24,36,44,19,19,3,3,4,13,39,36,38,17,39,22,11,16,28,37,17,43,16,30,11,30,15,3,19,7,11,11,37,37,36,44,47,44,1,1,45,44,23,35,7,30,17,15,28,4,31,19,38,9,11,30,38,38,44,28,30,25,19,24,3,3,19,24,16,4,15,16,25,44,3,37,30,7,37,30,34,5,43,9,25,31,46,45,20,30,39,39,11,44,7,39,11,39,28,30,44,32,44,39,31,48,19,39,9,11,32,0,39,3,11,30,25,30,7,20,4,24,39,7,39,30,11,36,4,48,34,30,30,44,43,19,45,1,36,7,16,45,1,37,37,39,4,39,39,11,28,37,24,9,1,37,30,18,19,37,37,11,45,38,7,34,24,38,13,20,1,45,11,7,44,39,11,11,11,25,39,39,37,37,28,14,39,39,11,11,39,3,38,1,38,44,11,4,25,44,39,44,28,30,39,48,44,13,30,7,30,7,13,0,19,44,3,32,17,37,37,30,5,28,39,20,7,7,38,39,37,44,44,11,16,9,16,16,13,30,37,38,19,43,4,39,36,28,11,41,5,19,11,43,39,9,38,7,5,30,37,28,19,39,11,39,2,0,18,34,11,18,8,39,19,30,39,7,17,39,11,37,19,32,3,7,1,32,30,25,7,28,18,34,7,27,44,4,44,19,3,11,36,39,38,45,30,28,38,19,31,16,11,37,3,30,4,9,19,37,7,37,39,30,7,5,24,39,11,3,19,39,5,32,11,7,47,39,11,36,30,14,28,25,19,39,30,30,37,20,5,18,37,39,11,7,44,3,39,30,34,4,17,43,5,19,32,45,3,5,42,37,39,28,3,41,2,7,3,30,13,11,13,28,38,4,45,47,11,24,20,30,45,32,41,32,16,3,30,11,7,7,5,30,16,39,44,0,19,20,3,37,1,4,11,3,7,42,34,30,11,24,19,2,3,34,30,39,11,39,38,13,17,44,44,4,17,4,39,11,37,39,39,7,37,45,44,38,38,28,45,30,39,16,13,39,7,38,39,3,44,7,34,11,19,45,17,39,7,38,4,28,3,1,19,37,31,30,41,17,5,3,19,4,3,45,11,41,22,37,11,31,39,37,8,28,39,30,38,19,19,38,13,19,11,3,30,19,28,37,31,8,44,7,30,30,11,3,11,35,3,1,16,4,44,30,39,39,39,3,3,37,11,30,36,24,1,45,24,44,16,38,3,5,24,19,44,37,38,15,7,11,3,28,39,16,38,1,38,28,39,18,11,37,34,7,28,39,28,20,11,9,3,39,19,17,44,45,11,39,11,37,44,31,39,30,30,45,11,37,38,38,16,7,3,38,31,16,28,36,39,42,31,37,44,0,30,38,19,39,5,4,7,37,17,3,44,38,38,39,38,38,38,3,36,7,30,39,37,45,38,24,28,1,34,39,44,3,45,16,1,39,4,43,19,37,20,19,22,42,39,3,32,3,11,3,7,37,37,44,45,44,32,18,38,4,37,43,3,31,16,37,7,9,28,28,42,7,48,28,19,25,1,37,3,36,11,45,31,16,4,26,3,1,9,30,41,28,45,30,32,44,31,8,36,42,1,38,31,11,37,37,44,28,43,11,11,39,11,25,39,24,44,19,31,44,13,7,3,30,30,9,5,4,11,45,38,45,4,44,37,3,20,7,39,7,3,39,26,20,39,36,11,18,19,44,31,30
46,Quantum Shift,Native,30,28,3,45,28,13,19,7,3,36,17,1,11,11,11,16,30,45,1,13,24,44,38,13,38,7,11,39,38,7,1,24,37,7,11,7,19,44,38,11,45,11,19,19,37,28,7,3,11,8,30,31,30,37,37,36,39,3,19,37,4,30,18,3,30,4,38,39,11,4,28,38,30,4,44,31,38,39,45,9,44,45,19,3,11,4,16,1,39,11,22,16,37,39,3,19,19,37,37,8,31,31,38,4,30,19,30,4,36,36,3,3,39,7,19,3,28,11,7,9,3,39,43,38,44,44,31,37,7,0,30,38,31,3,37,5,37,38,9,3,30,30,37,11,39,38,4,37,38,30,21,13,3,18,39,28,18,16,16,11,43,5,31,38,38,4,30,46,39,30,18,37,30,42,44,30,11,3,45,16,3,39,37,40,28,28,9,4,39,30,31,19,20,28,18,30,11,18,28,38,25,11,44,38,8,11,25,13,22,11,34,39,39,39,15,11,39,3,3,38,19,28,3,28,7,34,7,11,7,16,16,39,30,15,38,30,8,4,45,39,30,7,11,37,9,38,4,11,16,18,11,37,25,30,16,36,11,37,4,3,39,39,11,44,31,39,28,3,39,16,37,4,4,34,30,7,19,5,34,38,16,31,11,13,48,16,8,28,9,37,9,39,44,36,16,13,39,11,5,18,16,7,11,39,4,37,41,37,3,30,1,30,30,44,32,38,39,30,7,19,45,7,27,31,44,3,3,43,11,7,19,39,28,37,28,5,27,30,3,9,11,4,41,19,43,3,1,16,37,45,19,37,20,36,7,11,24,19,28,4,45,32,30,4,4,30,7,7,7,34,19,11,32,25,11,41,38,48,19,41,7,11,41,3,38,7,39,4,39,37,30,37,19,17,30,42,16,30,37,5,36,17,25,19,47,18,1,46,39,3,39,3,5,30,45,39,38,19,36,32,44,45,11,30,11,45,5,1,30,13,4,37,16,45,44,38,18,31,37,11,30,41,3,42,4,11,28,9,5,24,39,9,9,3,8,32,37,14,16,36,25,7,30,28,1,3,37,45,32,37,1,30,9,16,3,36,18,7,41,38,7,45,30,3,45,1,36,45,8,7,30,31,16,8,4,30,7,7,16,1,16,11,28,7,9,11,36,28,9,7,38,39,28,31,37,13,18,37,3,11,45,7,39,39,16,9,38,34,38,7,13,37,36,13,38,22,48,20,31,39,5,11,16,19,19,37,31,7,14,42,5,37,16,1,5,32,7,4,9,7,23,30,3,9,37,11,9,38,11,24,31,37,36,24,16,9,37,8,20,11,30,19,11,39,19,11,31,37,37,39,30,7,31,7,24,7,39,8,16,38,45,39,38,23,39,1,38,34,7,4,16,39,16,30,15,37,34,38,7,30,30,28,0,18,39,9,16,39,30,7,34,11,34,37,7,11,38,11,38,39,37,45,45,28,16,37,38,30,38,11,45,18,16,15,20,3,24,28,24,16,27,39,30,3,11,19,37,4,28,30,9,28,44,47,20,3,31,32,8,45,37,37,17,24,19,37,30,0,1,5,44,15,11,39,37,19,36,30,4,16,30,48,3,37,37,4,11,28,37,30,30,43,30,39,7,42,32,24,16,4,16,25,38,4,34,39,37,39,39,5,11,7,25,38,37,11,45,24,30,39,16,42,17,16,11,32,37,16,7,7,7,0,1,13,19,8,45,7,34,30,24,7,24,31,38,41,38,22,37,25,30,11,16,30,3,24,4,30,5,37,39,38,14,44,34,16,25,37,38,11,3,39,11,37,19,39,30,3,3,38,1,7,37,38,28,19,11,11,3,30,11,34,9,2,25,3,7,30,16,3,37,30,4,15,18,43,30,37,7,7,28,45,34,3,3,19,37,44,38,3,37,37,28,3,44,23,38,19,11,1,37,37,44,30,13,11,44,37,16,16,44,28,14,44,14,44,8,39,34,3,30,0,18,30,37,38,42,24,16,7,37,31,39,25,39,38,3,15,36,7,19,23,11,31,3,38,19,25,30,11,9,16,39,38,7,3,18,39,34,38,19,44,31,36,45,28,30,37,16,8,30,7,39,9,7,30,32,11,28,8,1,38,34,19,39,38,19,36,44,11,17,0,0,16,16,11,7,7,16,44,16,37,39,30,38,3,28,28,24,4,37,39,3,11,4,28,1,42,39,39,38,7,13,11,38,34,9,37,43,30,47,42,22,17,19,9,34,4,24,11,23,3,45,27,37,38,16,16,16,20
47,Solarflare Project,White,43,39,37,29,37,7,9,11,11,7,7,38,39,37,4,5,39,8,31,28,37,16,16,38,16,30,7,13,44,32,38,30,7,39,30,3,35,3,16,37,32,37,4,8,19,7,30,36,14,19,37,38,15,36,34,7,45,30,11,43,11,7,38,37,37,37,44,28,37,39,39,19,3,17,16,3,16,28,19,39,38,7,8,36,4,32,3,44,11,39,39,43,7,4,28,34,9,46,45,7,38,3,16,11,37,9,24,7,7,7,37,44,28,22,29,4,25,45,35,45,11,30,16,16,16,31,38,13,37,3,15,18,38,8,19,38,4,3,11,37,7,11,32,39,7,44,42,45,17,7,19,30,39,5,19,30,5,42,43,19,5,16,1,16,44,37,37,15,36,9,38,7,7,48,16,37,37,30,37,38,41,28,4,9,9,4,37,9,30,7,44,7,37,30,37,39,7,16,11,5,39,30,4,42,3,39,37,28,34,39,11,24,4,3,28,3,17,44,19,3,32,8,42,37,45,7,37,24,4,1,38,7,37,11,17,37,48,19,30,30,24,8,4,45,4,16,44,27,37,11,37,14,30,37,41,11,28,11,3,1,37,11,39,31,44,7,37,24,7,31,7,17,24,27,39,4,38,38,19,31,38,38,7,38,45,31,19,7,22,30,37,37,16,45,44,19,3,37,3,31,38,11,37,30,3,39,1,4,32,37,38,11,39,38,37,42,30,22,11,11,11,24,45,1,31,11,39,38,37,39,36,4,30,30,39,38,23,37,4,45,3,15,38,11,5,11,16,38,34,19,39,30,7,9,11,39,37,11,39,37,37,3,37,11,7,24,3,28,9,39,13,9,36,4,39,1,1,9,0,16,19,3,44,20,5,11,24,7,3,24,11,39,11,3,37,19,38,28,39,11,23,34,39,3,19,17,11,11,30,16,11,5,38,37,39,11,1,4,7,30,37,37,37,7,39,26,11,16,37,11,37,39,37,48,1,31,16,38,3,19,37,25,30,38,37,17,7,17,16,37,37,42,10,30,7,19,32,31,38,45,37,3,11,45,38,43,30,2,39,4,44,24,4,18,16,19,1,17,38,1,45,37,43,1,4,18,7,13,19,46,37,44,1,0,37,37,4,47,1,13,3,7,30,19,45,3,9,37,19,9,44,28,37,38,11,11,7,11,37,39,28,30,30,24,38,8,16,11,44,37,24,11,39,39,44,45,11,37,16,3,38,27,38,8,7,4,3,39,3,1,44,30,1,38,7,4,37,32,13,19,45,11,23,11,30,7,4,19,3,11,38,24,37,11,38,2,30,22,11,37,4,23,9,30,9,4,1,45,11,11,4,37,44,4,7,11,30,37,43,31,32,25,19,36,24,19,16,11,39,34,38,28,38,3,37,39,4,16,37,39,37,39,4,9,25,11,1,37,37,19,28,3,19,46,28,45,18,7,44,37,7,7,39,11,38,34,18,11,20,37,32,38,44,13,38,8,39,39,13,38,19,7,37,45,9,7,2,36,39,28,4,37,31,11,36,38,38,0,3,30,7,20,28,7,34,3,28,13,16,44,16,45,37,28,3,44,7,37,37,1,4,16,16,4,9,39,8,30,39,34,39,44,37,7,4,38,37,11,44,15,38,11,42,37,37,28,45,11,37,1,39,11,37,44,0,3,4,39,11,11,31,4,45,1,7,39,28,38,37,30,24,4,38,19,38,11,28,44,39,37,37,19,37,38,3,19,16,39,7,37,37,30,43,24,43,34,19,7,38,15,4,1,38,5,7,38,30,38,14,39,31,37,30,3,36,24,7,1,1,26,31,30,11,43,45,45,36,20,30,11,30,42,28,32,11,11,36,39,18,2,3,37,39,7,43,38,24,7,45,42,17,4,37,1,44,45,20,16,3,38,39,4,37,2,38,30,16,4,37,16,3,30,1,45,37,28,16,39,38,5,31,11,16,31,5,16,19,28,11,0,39,29,31,37,11,44,38,11,3,37,11,1,45,7,28,16,32,3,37,3,39,37,30,16,22,19,36,37,28,4,7,38,37,31,37,38,44,9,36,1,4,38,3,19,19,32,37,3,38,19,7,37,25,11,37,45,19,37,37,39,38,44,37,30,5,16,28,11,16,30,7,7,7,38,38,20,30,36,3,16,38,4,30,28,1,37,37,20,37,11,39,11,37,30,30,39,38,16,4,19,31,11,37,39,31,17,19,39,1,22,36,38,43,37,27,45,28,45,11,43,47,32,43,34,39,16,31,31,3,7
48,Lumina Horizon,Black,37,22,39,7,30,11,3,34,4,19,37,31,37,3,30,44,28,9,44,39,11,19,31,1,44,34,37,7,16,36,16,13,25,4,22,37,3,38,44,39,19,30,34,30,45,11,14,7,45,34,39,20,37,34,30,32,7,23,7,24,3,3,3,11,45,39,42,37,3,30,25,43,45,11,38,5,18,37,8,19,18,37,37,11,30,38,44,38,37,3,30,38,36,19,20,48,32,11,3,17,1,16,5,7,15,37,28,36,39,19,4,1,24,37,36,38,37,37,27,3,7,3,38,41,1,38,16,39,13,39,37,16,16,11,4,18,36,31,19,30,39,39,7,13,30,19,3,39,5,39,26,36,11,38,7,37,38,38,38,3,15,15,3,3,5,30,3,11,34,45,16,28,11,11,31,7,8,24,3,1,16,37,14,3,45,45,11,25,3,32,16,32,19,45,28,32,3,38,37,16,37,37,15,3,36,37,39,30,30,3,7,4,11,30,39,37,19,38,37,1,7,13,9,4,28,39,30,7,37,38,44,45,7,30,16,11,11,32,24,28,37,3,9,30,39,3,7,2,4,37,45,32,37,7,31,39,37,17,23,38,30,45,30,16,1,3,45,39,24,44,13,30,30,9,3,9,0,16,3,3,44,3,19,16,19,38,36,11,27,39,32,30,38,7,31,3,37,3,16,1,42,34,4,4,11,28,44,39,30,11,44,39,7,25,4,16,37,4,19,13,24,11,19,3,38,19,37,44,3,3,11,15,11,7,4,41,37,24,26,11,37,24,5,28,38,28,38,1,39,17,30,7,34,45,24,30,30,9,34,24,24,19,7,30,30,28,13,39,3,7,9,7,13,11,4,38,16,3,8,38,45,37,38,37,16,30,7,30,37,30,3,30,4,30,13,4,18,25,7,39,39,3,28,7,36,14,39,35,37,1,7,44,44,39,32,45,16,13,47,9,30,24,24,28,15,20,30,38,11,45,3,24,8,4,42,16,1,41,7,27,28,5,11,16,7,28,37,42,31,4,11,28,35,37,19,9,34,41,44,19,39,4,45,37,16,11,11,36,11,30,31,37,19,38,38,0,44,27,1,3,9,11,3,19,11,16,12,19,22,39,39,38,3,9,30,11,30,42,5,11,38,39,7,39,3,28,19,3,8,3,16,11,25,16,27,30,23,28,30,37,7,37,37,25,48,28,44,32,31,4,11,39,19,37,16,19,3,39,3,11,3,9,44,37,0,11,44,4,28,4,16,45,38,17,39,19,11,9,3,11,8,3,30,8,13,37,3,16,4,28,16,15,7,30,18,11,45,4,3,30,7,28,19,20,17,19,44,13,28,37,11,8,38,19,30,45,44,19,1,44,19,28,4,9,11,38,20,23,45,9,44,24,35,28,30,45,39,44,39,11,7,37,20,7,37,7,44,11,11,36,39,7,3,39,9,7,44,37,31,30,20,18,37,30,31,45,41,28,16,3,9,1,38,24,16,17,30,24,30,19,45,11,47,11,4,11,19,19,19,37,37,11,1,0,37,16,16,28,39,7,11,3,7,11,28,39,24,19,31,16,1,7,30,11,7,31,11,4,43,18,15,38,38,11,27,37,36,37,25,37,45,41,39,24,19,3,39,28,38,7,31,42,44,39,39,3,36,37,3,38,28,4,24,16,27,39,39,8,4,37,18,0,37,5,28,21,30,42,11,8,37,45,16,30,16,45,32,45,30,45,39,34,28,16,44,3,1,45,28,30,11,28,41,3,30,11,17,39,16,30,11,16,31,41,4,1,39,9,31,30,1,3,3,30,34,11,11,44,31,3,13,37,30,16,7,9,17,45,45,37,37,32,39,3,39,4,27,3,38,30,4,45,3,30,38,44,7,9,3,9,37,7,47,5,38,37,4,1,16,31,30,19,30,37,16,4,3,7,7,41,47,24,38,37,19,30,38,24,42,3,1,8,1,18,31,1,45,37,39,28,24,37,16,7,3,31,9,30,38,20,43,38,9,3,37,18,20,4,19,11,34,34,37,5,37,16,20,39,37,7,1,17,30,1,4,16,5,7,7,16,11,18,38,3,9,45,39,7,43,39,45,30,45,13,4,3,11,39,4,30,16,18,3,4,37,41,11,4,18,34,37,42,4,18,44,19,4,19,38,31,1,30,11,3,31,39,45,39,30,19,30,37,11,39,28,23,43,31,3,34,16,3,3,4,16,36,34,7,35,11,3,1,11,30,38,4,7,19,45,37,37,0,11,8,3,3,38,42,38,19
